userId,movieId,rating,timestamp
1,596,5.0,964982838
1,919,5.0,964982475
1,923,5.0,964981529
1,940,5.0,964982176
1,943,4.0,964983614
1,954,5.0,964983219
1,1024,5.0,964982876
1,1025,5.0,964982791
1,1029,5.0,964982855
1,1032,5.0,964982791
1,1219,2.0,964983393
1,1226,5.0,964983618
1,1256,5.0,964981442
1,1282,5.0,964982703
1,1927,5.0,964981497
1,2018,5.0,964980523
1,2096,4.0,964982838
1,2099,4.0,964982588
1,2366,4.0,964982462
1,2644,4.0,964983393
1,2648,4.0,964983414
1,2654,5.0,964983393
1,2899,5.0,964982703
1,2947,5.0,964982176
1,2948,5.0,964982191
1,2949,5.0,964981888
1,2993,5.0,964982242
1,3062,4.0,964981872
3,914,0.5,1306463567
3,2018,0.5,1306464175
3,2080,0.5,1306463572
4,898,5.0,964623347
4,899,4.0,945079653
4,902,4.0,945078446
4,904,4.0,945079837
4,908,5.0,945173902
4,910,5.0,945173989
4,912,5.0,945173902
4,914,5.0,945079670
4,919,5.0,945079521
4,920,5.0,945173602
4,930,5.0,964538571
4,937,3.0,986849085
4,1025,4.0,945079232
4,1086,5.0,964539723
4,1103,5.0,964539723
4,1203,5.0,945174025
4,1219,4.0,964539961
4,1250,5.0,945174008
4,1282,5.0,945079653
4,1283,5.0,945078690
4,1947,5.0,945079653
4,2019,2.0,945078690
4,2186,5.0,945174008
4,2203,4.0,945079729
4,2204,5.0,964540008
4,2351,4.0,945078467
4,2874,4.0,986935016
4,3365,5.0,964538329
5,594,5.0,847435238
5,596,5.0,847435292
6,594,4.0,845553819
6,596,3.0,845554141
7,920,3.0,1106635685
7,1219,5.0,1106635496
7,2019,5.0,1106713565
9,922,4.0,1044657026
9,923,5.0,1044657026
10,912,4.0,1455302254
10,1028,0.5,1455306152
12,920,4.5,1247264114
15,596,2.0,1510578088
15,2085,1.5,1510578050
16,904,3.5,1377476805
16,912,3.5,1377476810
16,913,4.0,1377477016
16,923,3.5,1377477349
16,1203,4.0,1377476856
16,1207,4.0,1377476891
16,1219,3.0,1377477594
16,1260,4.0,1377476887
16,1267,4.0,1377477387
16,1281,3.0,1377477580
16,2019,4.0,1377476792
16,3022,3.5,1377477000
17,899,3.5,1305696265
17,904,4.0,1307262274
17,910,3.5,1305696226
17,1032,4.5,1305696325
17,2019,3.5,1307262285
17,3435,3.5,1307262260
17,3681,4.5,1307262300
18,904,4.5,1455050080
18,908,4.0,1455748398
18,913,4.0,1517525849
18,919,4.0,1455748544
18,923,5.0,1455059762
18,1086,4.0,1473368992
18,1203,5.0,1455050107
18,1207,4.5,1455050736
18,1212,4.5,1455059742
18,1219,4.5,1455050177
18,1260,4.0,1455059781
18,1924,2.5,1456875333
18,2019,4.0,1455050114
18,2184,3.0,1512850460
18,2951,4.5,1455735323
18,3462,4.0,1476393345
18,3681,4.5,1455735337
18,4327,4.0,1455735349
18,5008,4.5,1456744749
19,903,5.0,965710671
19,904,5.0,965712377
19,906,3.0,965711014
19,910,4.0,965705661
19,911,3.0,965705725
19,913,5.0,965712238
19,915,2.0,965706045
19,930,3.0,965710781
19,931,4.0,965710914
19,933,4.0,965705982
19,965,2.0,965710693
19,1016,3.0,965706728
19,1028,2.0,965706092
19,1032,1.0,965709068
19,1086,4.0,965710914
19,1219,4.0,965704863
19,1256,4.0,965705619
19,1267,3.0,965710521
19,1269,4.0,965705942
19,1333,3.0,965704881
19,1924,2.0,965703973
19,2015,3.0,965706839
19,2184,3.0,965712882
19,2186,4.0,965710671
19,2203,3.0,965710671
19,2206,3.0,965711039
19,2227,3.0,965701107
19,2287,3.0,965710914
19,2550,3.0,965704904
19,2936,4.0,965705867
19,3035,4.0,965705619
19,3548,2.0,965706389
20,594,5.0,1054038083
20,596,4.5,1054038175
20,899,4.0,1054147395
20,914,4.5,1054036277
20,919,5.0,1054038078
20,1012,4.0,1054038180
20,1013,4.0,1054038219
20,1018,3.5,1054038336
20,1022,4.5,1054038135
20,1025,5.0,1054038107
20,1028,4.5,1054038076
20,1029,4.5,1054038189
20,1032,3.5,1054038130
20,1035,4.5,1054147359
20,1282,4.5,1054038160
20,1333,3.5,1054036254
20,1947,5.0,1054147380
20,2018,4.0,1054038166
20,2080,4.0,1054038091
20,2085,4.0,1054038493
20,2087,4.5,1054038136
20,2096,4.0,1054038145
20,2430,2.0,1054038297
20,2565,3.5,1054147376
20,2941,4.0,1054147411
20,3549,5.0,1054147384
20,6358,3.5,1054147505
21,902,3.0,1500701864
21,2087,2.0,1376822671
21,2947,4.5,1403460424
21,2948,4.5,1403460596
21,2949,4.5,1403460427
21,2993,4.5,1403460828
21,3022,4.0,1407617678
21,3462,3.0,1407617682
21,47566,4.0,1403460908
23,904,3.5,1107164418
23,912,3.5,1107163409
23,913,4.0,1107164441
23,923,4.0,1107164855
23,1203,3.0,1107341565
23,1212,5.0,1107162640
23,1237,4.0,1107162947
23,1248,3.0,1107162687
23,1284,5.0,1107162632
23,2019,3.0,1107164361
23,2726,4.0,1108703148
23,2951,3.0,1107162689
23,3030,3.0,1107164365
23,3462,3.0,1107341855
23,3681,3.5,1107164464
23,5333,4.0,1107163583
23,7064,3.5,1107164411
23,7924,3.5,1107341502
23,8228,4.0,1107162877
27,902,4.0,965149631
27,911,5.0,965149512
27,913,4.0,965151031
27,920,4.0,962686447
27,969,4.0,965149694
27,1022,4.0,965149756
27,1035,5.0,965149533
27,1083,4.0,965149552
27,1207,5.0,962686825
27,1250,4.0,962686417
27,1262,5.0,962686386
27,1287,5.0,965149756
27,1947,5.0,965149512
27,2080,4.0,965149710
27,2085,3.0,965149586
27,2565,5.0,965149694
27,2951,4.0,965149552
27,3062,4.0,962686486
27,3350,4.0,965149469
27,3654,4.0,962686529
27,3681,4.0,965149571
28,898,3.0,1243837286
28,899,2.0,1234334934
28,1253,3.5,1277001848
28,1256,4.0,1243837314
28,2951,3.0,1234515633
28,3681,3.5,1234338535
28,4327,3.5,1234338745
28,7706,4.0,1235975729
28,31116,3.0,1235805645
29,904,4.5,1307945605
29,914,4.0,1362016608
29,953,5.0,1307906372
29,1204,4.5,1308084015
29,1250,5.0,1308024986
29,1262,4.5,1307906969
29,1939,4.0,1362016593
29,1945,4.5,1307905911
29,2951,4.5,1307907122
29,3681,4.0,1307907026
29,4327,4.0,1307906981
31,912,5.0,850467425
31,1099,2.0,850467444
31,1282,5.0,850467485
32,912,5.0,856737165
32,1086,4.0,856737270
32,1103,4.0,856737123
32,1104,5.0,856737082
33,914,5.0,940422746
33,919,5.0,940422746
33,2080,4.0,940422746
33,2087,3.0,940422746
36,904,3.5,1100803350
36,908,3.5,1100803999
36,919,1.5,1100803557
36,1086,3.5,1100803718
36,1262,4.0,1100803705
36,6662,3.0,1100803749
39,594,3.0,974788841
39,596,3.0,974788629
39,908,3.0,974787139
39,1022,3.0,974789035
39,1025,4.0,974788976
39,1029,3.0,974789035
39,1032,3.0,974789035
39,1219,5.0,974788126
39,1248,5.0,974788071
39,1282,1.0,974788629
39,1287,4.0,974789232
39,2018,3.0,974788629
39,2080,3.0,974788841
39,2085,3.0,974788841
39,2366,5.0,974787893
39,2947,3.0,974789327
40,199,3.0,832060204
41,920,3.0,1458939112
41,1219,4.0,1459367455
42,912,5.0,996261986
42,4359,4.0,996216210
43,594,5.0,848994152
43,596,5.0,848994332
45,594,4.0,950726215
45,903,4.0,951756950
45,919,3.0,950740452
45,934,3.0,950724757
45,1028,4.0,1121724907
45,1029,4.0,950726185
45,1035,5.0,1034343805
45,1282,5.0,950726185
45,1934,3.0,1021412195
45,2080,4.0,950722311
45,2087,4.0,1020802917
45,2096,4.0,950726215
45,2731,4.0,950723478
45,2947,4.0,950726657
45,3196,4.0,1021412195
45,3549,4.0,959624349
47,1203,2.5,1496205502
50,596,2.0,1514238575
50,899,4.0,1514238688
50,903,4.0,1519140456
50,909,3.0,1514239063
50,914,3.0,1527542415
50,923,4.0,1526329877
50,969,3.5,1527108544
50,1028,3.0,1527542562
50,1204,4.5,1526329645
50,1251,4.5,1534178801
50,1253,3.0,1514239041
50,1281,3.5,1514239137
50,2018,2.5,1514238955
50,2019,4.0,1533302036
50,2553,3.0,1514239563
50,2732,4.0,1518168679
50,2947,3.5,1514238648
50,3022,3.0,1514239288
50,3462,3.5,1514239123
50,4399,3.5,1533302147
50,4914,4.0,1518168710
50,6239,2.5,1518168537
50,6662,3.0,1514239274
50,7206,3.5,1518168552
50,7700,4.0,1514239814
50,7748,4.0,1514239964
50,8143,3.5,1527106239
50,32875,3.0,1514240242
50,33781,2.5,1514240162
50,93114,3.0,1514240402
50,114335,3.0,1522446443
50,174737,3.0,1514240504
50,175781,3.0,1514240519
50,179073,3.0,1514240525
51,912,3.0,1230929282
51,919,2.0,1230932502
51,934,1.0,1230930567
51,953,5.0,1230929755
51,965,5.0,1230930560
51,1014,0.5,1230931457
51,1024,4.0,1230931449
51,1267,4.0,1230929680
51,1287,3.5,1230929668
51,1301,4.5,1230930497
51,2015,4.0,1230930402
51,2183,5.0,1230931271
51,2363,2.5,1230931235
51,2454,4.0,1230930306
51,2554,4.0,1230932214
51,2634,3.0,1230932179
51,2644,3.5,1230931171
51,2661,3.0,1230932166
51,2664,4.0,1230930279
51,2951,4.0,1230930246
51,3681,4.0,1230930150
51,3959,4.5,1230930118
51,4327,4.0,1230930044
51,7757,3.5,1230931776
53,916,5.0,1237748102
53,922,5.0,1237748084
53,1256,5.0,1237748093
55,1947,0.5,1312747732
57,594,4.0,965796004
57,596,4.0,965796004
57,897,4.0,965798269
57,899,5.0,965796563
57,903,4.0,965795785
57,904,5.0,965795803
57,908,5.0,965795827
57,911,4.0,965796793
57,912,5.0,965796541
57,913,5.0,965795851
57,915,5.0,965796333
57,920,4.0,965796578
57,922,4.0,965795803
57,923,5.0,965795758
57,933,4.0,965796716
57,940,4.0,969753691
57,942,4.0,965796495
57,951,4.0,969753168
57,955,5.0,965795869
57,969,4.0,965796563
57,1028,4.0,969753499
57,1032,4.0,965796031
57,1204,5.0,965795827
57,1212,5.0,965796633
57,1226,4.0,969753168
57,1248,5.0,965796471
57,1250,5.0,965799430
57,1254,4.0,965795869
57,1256,5.0,965795827
57,1269,4.0,965796373
57,1282,4.0,965796031
57,1283,5.0,965798574
57,1284,5.0,965796495
57,1287,5.0,965798228
57,1939,4.0,965799521
57,2019,5.0,969754184
57,2067,5.0,965796605
57,2080,4.0,965796031
57,2087,4.0,965796062
57,2102,4.0,965796031
57,2202,5.0,965796793
57,2935,4.0,965795785
57,2941,3.0,965799554
57,2947,4.0,965795650
57,2949,3.0,969754215
57,2951,4.0,965798574
57,3022,5.0,965796211
57,3030,5.0,965796187
57,3334,5.0,965796471
57,3435,4.0,965795745
57,3628,4.0,965799608
57,3632,4.0,965796405
57,3643,4.0,969754552
57,3681,4.0,965798574
58,594,5.0,847719035
58,596,4.0,847719271
59,903,5.0,953610229
59,904,5.0,953610229
59,906,5.0,953610526
59,912,5.0,953609857
59,913,5.0,953609637
59,922,4.0,953609611
59,928,5.0,953610381
59,965,5.0,953610267
59,969,5.0,953609997
59,1086,4.0,953610338
59,1212,5.0,953610203
59,1219,5.0,953610203
59,1250,5.0,953609923
59,1269,5.0,953610300
59,1927,5.0,953609923
59,1944,4.0,953609954
59,2067,5.0,953609954
59,2550,5.0,953610267
59,2726,5.0,953610986
59,3075,5.0,953610300
59,3461,4.0,953608665
59,3462,5.0,953610923
59,6460,5.0,953608991
60,1203,3.0,1393542084
60,2067,3.0,1393541982
62,1203,5.0,1521822604
63,912,4.0,1443201230
63,913,4.0,1443199803
63,953,4.0,1443199729
63,969,3.0,1443199835
63,1203,4.0,1443735650
63,1262,4.0,1443199811
63,1282,4.0,1443200228
63,1945,2.5,1443200960
63,3088,4.0,1443199884
63,3435,4.0,1443200927
63,7132,4.0,1443201026
64,596,4.0,1161559642
64,908,4.0,1161528942
64,919,4.0,1161521149
64,1028,4.0,1161559800
64,1029,4.0,1161620681
64,1203,5.0,1161565961
64,1204,5.0,1161529352
64,1207,4.0,1161529233
64,1250,5.0,1161529372
64,1282,3.5,1161559559
64,1287,4.5,1161566123
64,1947,4.0,1161565966
64,2018,3.5,1161620718
64,2019,5.0,1161529020
64,2080,4.0,1161565790
64,2085,3.0,1161566028
64,2087,3.5,1161566154
64,2905,3.5,1161531147
64,3030,4.0,1161531362
64,5291,4.5,1161531091
66,903,4.5,1099187616
66,912,4.5,1104644490
66,919,3.5,1104645169
66,922,5.0,1104644777
66,953,4.0,1104645133
66,954,4.0,1099187566
66,1203,4.5,1099187301
66,1284,5.0,1099187922
66,2019,4.5,1099187456
66,2648,5.0,1104645251
66,2951,4.5,1104644503
66,5644,4.0,1104645215
66,7493,4.0,1104644703
66,7766,4.0,1113188973
68,594,3.0,1158532827
68,596,2.0,1158533784
68,902,3.5,1230498380
68,910,2.5,1268848806
68,912,4.5,1158531003
68,919,3.0,1158531038
68,920,5.0,1158532765
68,923,3.0,1252728105
68,932,4.0,1261086252
68,953,2.5,1180916203
68,1017,3.0,1275957504
68,1019,2.0,1261623837
68,1022,3.5,1158535652
68,1025,2.5,1158534087
68,1028,2.5,1158533303
68,1029,2.5,1158535800
68,1032,2.5,1261623637
68,1035,2.0,1158533497
68,1103,2.5,1269122238
68,1207,3.0,1158533138
68,1219,4.5,1158532359
68,1267,2.0,1158535378
68,1282,3.5,1230497956
68,1287,2.5,1230498461
68,1333,3.0,1158534724
68,2018,3.0,1158535536
68,2019,3.5,1158534757
68,2067,3.0,1355269823
68,2080,3.0,1158533618
68,2085,3.0,1158535301
68,2087,3.5,1158535415
68,2096,3.0,1261623516
68,2662,2.0,1261623772
68,2728,2.5,1269122085
68,2947,3.5,1158533350
68,2948,4.0,1158534014
68,2949,3.5,1158535249
68,2993,4.0,1158534022
68,3675,4.0,1180915725
68,4356,3.5,1158534278
68,4969,3.0,1267237921
68,8677,2.0,1158531657
68,50740,3.5,1271545247
68,54121,3.0,1271545670
68,70492,3.5,1346109885
69,2951,5.0,1021643494
70,953,5.0,1355198436
70,1250,4.5,1355198948
70,1253,4.0,1355184722
70,1269,3.5,1355185088
70,2366,4.5,1355184671
70,3468,5.0,1355198425
72,912,4.5,1217324689
72,2136,2.5,1217323586
72,2634,4.0,1217323832
74,903,4.5,1207502105
74,923,5.0,1207501381
74,926,5.0,1207502168
74,949,4.0,1207502365
74,1103,5.0,1207499290
74,1212,5.0,1207501258
74,1219,4.5,1207501896
74,1251,4.5,1207501291
74,2010,4.0,1207501734
74,2644,3.5,1207502341
74,3089,5.0,1207501351
74,3307,5.0,1207501386
74,5300,4.0,1207500833
74,5304,4.0,1207500356
74,5434,4.5,1207502943
74,6858,3.5,1207500694
74,7234,5.0,1207500193
74,8154,5.0,1207500133
74,8341,3.5,1207499990
75,903,1.0,1158968143
75,908,4.5,1158967045
75,912,4.0,1158967840
75,920,3.0,1158967791
75,928,4.5,1158967852
75,1204,3.5,1158989794
75,1253,4.0,1158982941
75,3681,5.0,1158990136
75,5008,4.0,1158968122
76,923,1.5,1439168706
76,953,2.0,1439167723
76,1250,3.0,1439167355
76,2019,4.0,1439166434
76,2731,2.0,1439167380
79,2019,5.0,975281842
79,2947,5.0,975281975
79,3062,4.0,975281934
82,2948,3.0,1084465162
83,916,5.0,1332840258
83,923,3.5,1332840063
83,1204,3.0,1333843536
83,1250,3.0,1332840227
83,1282,4.5,1333843474
83,2728,2.5,1333842742
83,3462,3.0,1333843530
83,5291,4.0,1332839904
84,898,5.0,860397176
84,899,4.0,858773054
84,900,4.0,860397352
84,902,4.0,858772779
84,904,4.0,858772543
84,908,4.0,858772641
84,909,3.0,860397278
84,910,3.0,858773054
84,912,4.0,860397090
84,914,4.0,858772733
84,915,3.0,860397323
84,916,3.0,860397294
84,919,5.0,858772586
84,920,4.0,858772515
84,922,4.0,860397228
84,923,4.0,858772354
84,926,5.0,858773023
84,931,3.0,860397409
84,932,4.0,860397438
84,933,4.0,860397352
84,934,3.0,860397438
84,948,4.0,860397409
84,951,4.0,860397323
84,953,3.0,858772760
84,954,4.0,860397244
84,955,4.0,860397306
84,971,3.0,860397365
84,1013,3.0,860397477
84,1018,3.0,860398823
84,1028,4.0,858772136
84,1035,5.0,860397090
84,1103,4.0,858771931
84,1104,4.0,860397100
84,1203,4.0,858772641
84,1207,4.0,858772565
84,1219,4.0,858772845
84,1267,5.0,860397144
84,1269,4.0,860397207
84,1333,3.0,860397335
85,1207,5.0,889468122
85,1237,5.0,889468402
88,8677,0.5,1331421241
89,898,4.0,1520408274
89,899,1.5,1520408297
89,901,1.5,1520408436
89,902,1.0,1520408324
89,905,3.0,1520408275
89,909,2.5,1520408308
89,910,1.5,1520408296
89,911,2.5,1520408306
89,915,2.0,1520408307
89,916,3.5,1520408299
89,918,3.0,1520408424
89,936,2.5,1520408345
89,945,4.0,1520408345
89,946,0.5,1520408337
89,947,1.5,1520408347
89,950,3.0,1520408274
89,951,3.5,1520408278
89,954,3.5,1520408307
89,955,3.0,1520408312
89,1256,1.5,1520408347
89,1269,2.5,1520408303
89,2085,3.0,1520408589
89,2935,1.0,1520408337
89,2936,3.5,1520408335
89,3022,2.0,1520408342
89,3061,2.0,1520408546
89,3088,0.5,1520408325
89,3097,2.0,1520408343
89,3307,2.0,1520408276
89,3315,4.5,1520409333
89,3462,1.0,1520408276
89,3549,3.5,1520408756
89,3599,3.5,1520408480
89,3604,0.5,1520408880
89,3606,3.5,1520408805
89,6650,1.0,1520408336
89,6783,3.0,1520408424
89,7067,2.5,1520408619
89,7209,2.5,1520408598
89,8154,3.0,1520408569
89,25887,5.0,1520409386
89,31851,3.0,1520409522
89,32060,3.0,1520409649
89,35807,4.0,1520409409
89,47736,5.0,1520409001
89,48649,4.5,1520409441
89,67888,4.5,1520409094
89,74342,4.5,1520409505
89,83969,5.0,1520409380
89,84246,4.5,1520409459
89,84512,5.0,1520409383
89,91666,4.0,1520409104
89,95843,5.0,1520409017
89,116718,3.5,1520409655
89,121338,4.5,1520409119
89,121342,3.5,1520409121
89,127052,2.5,1520408282
89,176621,2.0,1520408791
89,182293,4.0,1520408961
89,182297,4.0,1520408949
89,182299,4.0,1520408882
91,594,3.0,1112711217
91,903,4.0,1112712251
91,904,2.5,1112713615
91,908,3.0,1112710923
91,912,4.0,1112712320
91,919,3.0,1112713366
91,920,2.5,1112713503
91,923,4.0,1112710903
91,1028,3.0,1112713728
91,1035,2.0,1112713738
91,1207,3.0,1112712199
91,1219,5.0,1112710880
91,1253,3.5,1112713147
91,1262,3.5,1112712861
91,1337,4.5,1112712688
91,1340,3.0,1112712515
91,2019,4.5,1112711080
91,2096,3.0,1112718163
91,2287,3.5,1112712705
91,2651,1.0,1112717546
91,2654,2.0,1112712571
91,2782,2.0,1112717616
91,2784,3.0,1112712664
91,2947,4.5,1112713096
91,2949,3.0,1112711518
91,2993,3.0,1112716680
91,3153,4.0,1112711869
91,3681,4.0,1112712864
91,4327,2.5,1112712909
91,4800,2.5,1112717828
91,5640,3.0,1112717816
91,6461,3.5,1112711560
91,6629,4.0,1112712652
91,8507,2.5,1112713025
92,2085,3.5,1294941801
92,2087,4.5,1294941405
92,2398,4.0,1294941484
92,2454,4.0,1294941568
92,2664,3.5,1294941533
95,913,4.0,1043340225
95,2010,3.5,1105400816
95,2085,4.0,1043339777
95,4954,4.0,1043340248
96,1942,5.0,964773851
96,2947,3.0,964772764
96,2948,3.0,964772778
97,2019,3.0,1043381994
98,904,5.0,1532458324
98,1207,4.0,1532458353
98,1219,5.0,1532458204
98,1333,3.0,1532458388
100,594,3.0,1100183782
100,899,4.5,1100184112
100,900,4.0,1100184329
100,914,4.0,1100184107
100,916,4.5,1100184150
100,919,4.5,1100183748
100,920,4.0,1100184140
100,923,3.5,1100185889
100,932,4.0,1100184244
100,933,4.0,1100184156
100,934,4.5,1100186407
100,1028,4.5,1100185898
100,1035,4.0,1100185894
100,1203,4.0,1100186395
100,6183,4.5,1100184242
100,6785,4.5,1100184338
103,596,4.5,1431957572
103,912,5.0,1431954433
103,920,4.5,1431957405
103,923,4.0,1477519255
103,953,4.0,1431954365
103,969,4.0,1431957809
103,1012,4.0,1431970102
103,1025,4.0,1431969093
103,1028,4.0,1431957550
103,1029,4.0,1431957926
103,1032,4.5,1431968181
103,1035,4.0,1431957547
103,1282,3.5,1431957628
103,1945,4.0,1522172361
103,2018,3.5,1522172366
103,2080,3.5,1431957821
103,2087,5.0,1431968251
103,2096,4.0,1431968485
103,2951,4.5,1431968489
103,3468,5.0,1431969791
103,3681,5.0,1431969554
104,594,4.0,1048590891
104,901,4.0,1048589829
104,914,4.0,1048586285
104,918,3.5,1257078112
104,919,3.0,1090595804
104,934,3.5,1053336487
104,936,3.5,1056228966
104,938,3.0,1161675732
104,1022,4.0,1048590907
104,1253,3.0,1048795314
104,1947,4.0,1048590891
104,2080,3.5,1356553966
104,3675,3.5,1257078093
104,6030,2.0,1048591010
104,6579,4.5,1060454905
104,7050,4.0,1292699703
104,25937,3.5,1257078081
105,903,4.0,1447579797
105,904,4.5,1447574553
105,905,4.0,1448195403
105,909,4.0,1447574396
105,912,4.0,1447574048
105,914,4.0,1448214363
105,915,4.0,1448214365
105,922,4.0,1448195659
105,923,4.0,1447574060
105,926,4.0,1447574054
105,935,4.0,1526207027
105,1178,4.0,1447574111
105,1203,4.5,1447574052
105,1207,4.0,1448168239
105,1219,4.5,1447574141
105,1260,4.0,1447574222
105,1281,5.0,1447574313
105,2019,4.5,1447574114
105,2351,4.0,1448195464
105,2731,4.0,1448195454
105,3089,4.5,1447411266
105,3306,4.5,1447411512
105,3307,5.0,1447574090
105,3462,4.5,1446618508
105,3629,4.5,1446621883
105,3632,5.0,1447574450
105,3681,3.5,1446621926
105,3742,4.0,1446618693
105,4325,4.0,1448196310
105,5291,4.0,1446572194
105,5373,4.0,1447579895
105,6433,5.0,1446572504
105,6643,3.5,1448214183
105,6777,3.5,1446572512
105,6985,4.5,1446572291
105,8197,4.0,1446572822
105,26082,4.0,1446573129
105,32892,5.0,1446610372
105,107159,4.0,1446610642
105,127052,5.0,1447411223
105,133716,4.5,1526208028
105,134849,4.0,1447574669
105,147196,5.0,1526207040
105,172793,5.0,1526208125
105,174551,5.0,1526207135
108,926,3.0,1042839569
108,1204,5.0,1042839907
108,2947,3.0,1042841018
109,1032,3.0,841152033
110,909,4.0,1175329520
110,910,4.5,1175330185
110,1281,4.5,1175329986
110,3462,3.5,1175330045
110,3629,4.0,1175329983
111,1028,4.0,1517441192
111,1032,3.5,1518661672
111,1282,4.0,1518661649
113,902,5.0,980306846
113,903,4.0,980307343
113,904,5.0,980307343
113,909,4.0,980307093
113,912,5.0,980307023
113,915,5.0,980306937
113,916,5.0,980306890
113,932,5.0,980306923
113,933,5.0,980306890
113,943,5.0,980307023
113,969,5.0,980306890
113,1013,5.0,980307165
113,1014,5.0,980307201
113,1018,3.0,980307261
113,1086,4.0,980307343
113,1282,4.0,980051320
113,1944,4.0,980306890
113,2067,5.0,980306846
113,2080,5.0,980306890
113,2184,4.0,980307343
113,3217,3.0,980051263
113,3468,4.0,980307140
113,3546,5.0,980307165
113,3675,4.0,980051480
115,594,3.0,944958085
115,919,4.0,944958086
115,2947,4.0,959801072
116,899,3.0,1337195933
116,920,1.0,1337200265
116,1029,3.0,1337195966
116,1035,5.0,1337200404
116,1219,2.5,1337199455
116,2080,3.5,1337195923
116,4792,2.5,1337197329
117,594,4.0,844163204
117,596,4.0,844163454
117,1022,4.0,844163734
117,1028,4.0,844163734
117,1035,4.0,844163615
118,1104,4.0,944924487
122,923,5.0,1461562092
122,1219,4.0,1461561765
122,1237,5.0,1461562724
122,3089,5.0,1461562948
122,3462,5.0,1461562327
127,903,3.0,1263527011
127,910,4.0,1263527087
127,913,5.0,1263527066
127,1947,4.0,1263527174
128,898,5.0,899032763
128,904,5.0,899033229
128,905,5.0,899033229
128,908,5.0,899032847
128,911,4.0,899033506
128,912,5.0,899032763
128,923,4.0,899033269
128,926,5.0,899033362
128,935,5.0,899032806
128,940,5.0,899032847
128,942,4.0,899033506
128,943,4.0,899033565
128,945,5.0,899033565
128,965,4.0,899033362
128,1066,5.0,899032763
128,1284,5.0,899033642
131,908,4.0,1349839865
131,969,3.5,1349840182
131,1104,4.5,1349838654
132,594,3.0,1157922805
132,596,2.0,1157923028
132,899,4.0,1157923354
132,902,3.0,1157923328
132,904,4.0,1157919926
132,910,4.0,1157923212
132,912,3.0,1157920920
132,914,3.0,1157923450
132,915,2.5,1174934846
132,916,3.5,1157979635
132,919,3.5,1157922721
132,920,3.0,1157919867
132,1028,4.0,1157923009
132,1035,3.5,1157922959
132,1219,4.0,1157922823
132,1333,2.0,1163148030
132,2729,3.0,1329983732
135,912,4.0,1009694264
135,919,5.0,1009693267
135,1203,5.0,1009694318
137,903,4.0,1204859803
137,904,4.0,1204859703
137,908,4.5,1204859724
137,910,4.0,1204859856
137,912,5.0,1204859738
137,913,4.5,1204859769
137,919,5.0,1204859924
137,922,5.0,1204859734
137,923,5.0,1204859839
137,928,3.5,1204859833
137,951,5.0,1204859789
137,953,4.0,1204859888
137,954,4.5,1204859817
137,955,3.0,1204859912
137,969,4.0,1204859884
137,1022,3.0,1204859023
137,1203,4.5,1204859709
137,1204,5.0,1204859766
137,1207,3.0,1204859752
137,1219,5.0,1204859799
137,1237,4.5,1204863783
137,1250,5.0,1204859761
137,1253,3.5,1204859846
137,1260,3.0,1204859794
137,1262,3.0,1204859696
137,1267,3.5,1204859004
137,1301,4.0,1204859933
137,1927,4.5,1204863712
137,2648,3.5,1204863751
137,2940,4.0,1204863839
137,3462,4.0,1204863614
137,3742,4.0,1204859928
137,5177,4.0,1204863704
137,6650,5.0,1204863597
137,6986,3.0,1204859931
137,8228,4.5,1204859721
137,26084,4.0,1204859960
138,898,5.0,1222676107
138,1019,5.0,1222676090
140,912,4.0,1085569768
140,914,4.0,942841652
140,919,4.0,1085569784
140,920,5.0,1055092887
140,953,3.0,942842215
140,969,4.0,942842265
140,1013,4.0,1021899112
140,1017,4.0,1021899101
140,1019,4.0,1055092562
140,1028,4.0,1021899012
140,1035,5.0,1021898963
140,1083,3.0,1032258931
140,1204,5.0,942841471
140,1250,5.0,942841937
140,1262,5.0,942841394
140,1344,3.0,952101286
140,2019,4.0,942842814
140,2067,4.0,1010775624
140,2085,4.0,1021899051
140,2398,3.0,942841394
140,2947,4.0,1021898943
140,2948,3.0,1021898980
140,2951,4.0,942842814
140,3030,1.0,1117729296
140,3062,4.0,1021898980
140,3654,4.0,960561697
140,3681,4.0,960561697
140,3737,4.0,960561709
140,3873,4.0,1021899051
140,4042,4.0,1021899101
140,4187,4.0,1055092250
140,4327,5.0,993208194
140,4339,4.0,993208220
140,4795,4.0,1021899069
140,4799,3.0,1021899069
140,4921,4.0,1117729748
140,5291,1.0,1117729298
140,5899,3.0,1084272976
140,6448,4.0,1058312818
140,6461,4.5,1058312855
140,6669,1.0,1117729292
140,8199,1.0,1117729294
144,1028,4.5,1137324274
144,1035,4.5,1137324278
144,2728,3.5,1136813082
146,2018,3.5,1312507741
146,2085,4.0,1312508159
147,596,3.0,1203267730
149,1253,5.0,902084874
149,1334,4.0,902085141
152,904,4.0,1450572466
152,908,4.0,1450572513
152,1203,5.0,1450572515
152,1207,4.5,1450572522
153,1028,2.0,1525552032
153,2080,2.0,1525552210
155,2948,3.0,961860688
156,898,5.0,939853337
156,904,5.0,940290635
156,905,5.0,939853546
156,908,5.0,940290635
156,910,5.0,939854008
156,912,5.0,946798960
156,913,5.0,946798252
156,915,3.0,946799588
156,919,4.0,941922678
156,920,3.0,941922678
156,922,4.0,1106854096
156,923,5.0,939884805
156,930,5.0,939854531
156,933,5.0,946799400
156,936,5.0,939853418
156,945,5.0,939854008
156,946,3.0,946799313
156,947,5.0,939853546
156,953,3.5,1106855520
156,955,3.0,939853418
156,969,4.0,946799037
156,1028,3.0,1106855396
156,1035,4.5,1106855438
156,1204,4.0,946798960
156,1207,4.0,1106855457
156,1212,5.0,946800148
156,1219,4.5,1106855157
156,1237,4.0,960646812
156,1248,5.0,941922620
156,1251,5.0,960646812
156,1253,3.0,1106854047
156,1256,5.0,946798960
156,1262,3.0,946799086
156,1267,4.0,946798252
156,1281,3.0,939853183
156,1282,3.5,1106853858
156,1284,5.0,946798252
156,1939,3.0,946799086
156,1948,3.0,946799375
156,2019,5.0,939842664
156,2067,4.0,946799109
156,2080,1.0,951113118
156,2087,4.0,946800249
156,2136,2.0,939853337
156,2186,4.0,946798252
156,2202,4.0,1106854242
156,2732,5.0,946800163
156,2863,3.0,946799313
156,2941,4.0,946799180
156,2946,3.0,946799634
156,2947,2.0,946800308
156,2993,2.0,946800346
156,3022,5.0,946799236
156,3030,5.0,946799236
156,3076,3.0,946799749
156,3088,4.0,946799291
156,3089,4.0,960646533
156,3096,5.0,946799236
156,3134,5.0,946798960
156,3224,5.0,951113027
156,3341,4.0,951113027
156,3467,4.0,953534519
156,3468,5.0,953534519
156,3492,4.0,953534636
156,3629,4.0,960646486
156,3873,4.0,971555388
156,4914,5.0,1106854406
156,6460,5.0,953534663
156,8228,5.0,1109452344
157,953,3.0,992479516
158,2948,3.0,1290764809
160,594,5.0,971619022
160,596,4.0,971619022
160,903,4.0,971195858
160,904,4.0,971195858
160,908,3.0,971112529
160,1019,5.0,971619022
160,1022,5.0,971619022
160,1028,4.0,971619022
160,1029,3.0,971619114
160,1032,3.0,971619114
160,1035,2.0,971112839
160,1219,3.0,971195858
160,2018,5.0,971619022
160,2087,4.0,971619022
160,2210,3.0,981310736
160,2363,1.0,971114178
160,4792,2.5,1058456638
161,596,3.5,1176498540
161,899,4.5,1176498953
161,1019,3.0,1176498702
161,1022,3.0,1176498609
161,2018,3.5,1176498704
161,2080,3.5,1176498595
164,3404,5.0,999708378
164,3654,5.0,999708174
165,908,4.0,1046741248
165,2019,4.0,1046741833
166,904,3.5,1188921640
166,923,4.5,1189038377
166,2947,4.0,1189038129
166,2951,4.5,1190682655
166,3468,4.5,1189038731
166,3681,4.0,1190826717
166,7132,4.5,1189038577
167,594,3.0,1154723252
168,596,4.5,1306793334
168,903,4.5,1306793315
168,908,5.0,1306802820
168,912,4.5,1306802375
168,913,4.5,1306802817
168,923,5.0,1306801900
168,953,4.5,1306793289
168,1086,5.0,1306801729
168,1203,5.0,1306801599
168,1207,5.0,1306801608
168,1212,5.0,1306802055
168,1219,4.0,1306801603
168,1248,5.0,1306802369
168,1262,4.5,1306802582
168,1269,4.5,1306801673
168,1927,4.5,1306802074
168,2019,4.5,1306801959
168,3030,5.0,1306802137
168,3334,4.5,1306801922
168,3462,4.0,1306801950
168,3681,5.0,1306802012
168,4406,5.0,1306802534
168,5291,5.0,1306802788
168,6662,4.0,1306802295
168,7333,4.5,1306802841
168,8228,5.0,1306801942
168,26078,5.0,1306802421
168,33564,5.0,1306802157
169,594,4.5,1070250167
169,899,5.0,1059427559
169,914,5.0,1059427248
169,918,4.0,1070250186
169,919,5.0,1078284334
169,934,5.0,1059428008
169,953,5.0,1059427133
169,1022,4.0,1059427297
169,1028,5.0,1059427087
169,1035,5.0,1059427524
169,1083,4.0,1059427635
169,1282,4.0,1059427601
169,1947,5.0,1078285264
169,2017,4.0,1059427791
169,2087,4.5,1070250182
169,2565,4.5,1070250144
169,4799,4.0,1059427983
169,7080,5.0,1073179853
169,7614,5.0,1085699700
169,8008,5.0,1085699657
170,594,3.0,840473217
171,596,5.0,866905707
171,903,5.0,866905882
171,919,4.0,866905820
171,1025,4.0,866905858
171,1104,5.0,866905907
177,594,4.0,1435539811
177,596,3.0,1435540218
177,898,5.0,1435535236
177,899,5.0,1435534723
177,900,3.0,1435536481
177,902,5.0,1435534728
177,903,4.0,1435534407
177,904,5.0,1435536832
177,905,4.0,1435535973
177,906,4.0,1435537126
177,909,5.0,1435535626
177,910,5.0,1435534598
177,911,4.0,1435536014
177,912,5.0,1435536836
177,914,4.0,1435534752
177,915,5.0,1435535580
177,916,5.0,1435535343
177,918,4.0,1435719333
177,919,5.0,1435533777
177,920,3.5,1435534305
177,922,5.0,1435536838
177,923,2.5,1435536924
177,926,5.0,1435535833
177,928,5.0,1435535847
177,932,5.0,1435720785
177,940,3.0,1435536037
177,946,4.0,1435540551
177,948,5.0,1435803257
177,953,4.5,1435537077
177,954,4.0,1435535375
177,955,5.0,1435535908
177,971,5.0,1435536582
177,1022,5.0,1435720405
177,1025,4.0,1435535478
177,1028,4.0,1435534426
177,1029,4.0,1435534825
177,1032,3.5,1435535041
177,1035,2.5,1435534428
177,1086,3.0,1435535447
177,1104,5.0,1435535246
177,1203,4.5,1435534495
177,1207,5.0,1435534396
177,1212,3.0,1435535282
177,1219,5.0,1435534184
177,1251,3.0,1435536455
177,1256,4.5,1435535509
177,1260,2.0,1435535946
177,1282,4.0,1435534530
177,1283,4.0,1435537041
177,1333,4.0,1435534624
177,1929,4.0,1435538921
177,1931,4.0,1435539429
177,1936,4.0,1435540591
177,1938,4.0,1435719548
177,1939,5.0,1435536971
177,1945,5.0,1435535454
177,1947,2.0,1435534899
177,2010,3.0,1435535551
177,2018,3.0,1435535114
177,2080,4.0,1435534751
177,2085,5.0,1435891096
177,2087,4.0,1435535119
177,2096,4.0,1435535288
177,2176,3.5,1435536580
177,2227,4.0,1435538390
177,2366,3.0,1435535156
177,2565,3.0,1435536045
177,2644,2.5,1435538779
177,2728,3.0,1435535665
177,2729,3.0,1435536464
177,2847,3.0,1435540095
177,2863,3.0,1435535938
177,3022,5.0,1435536893
177,3088,4.0,1435536262
177,3364,3.5,1435720436
177,3461,2.0,1435536531
177,3801,4.0,1435537074
177,3964,3.5,1435720322
177,4359,3.0,1435803365
177,4920,4.5,1435537226
177,6412,4.0,1435540167
177,6429,4.0,1435720464
177,6856,4.0,1435540587
177,7054,3.5,1435720246
177,7064,3.5,1435719721
177,7078,4.0,1435539868
177,7080,3.5,1435539027
177,7121,5.0,1435720350
177,7215,2.5,1435537129
177,7222,2.5,1435539462
177,7234,3.5,1435537102
177,7728,3.0,1435719648
177,8507,3.0,1435538877
177,8600,4.0,1435540015
177,8695,4.0,1435719846
177,8718,4.0,1435720144
177,9008,2.5,1435540203
177,25771,4.0,1435538573
177,25797,3.5,1435539019
177,25827,3.5,1435539547
177,25856,3.5,1435540067
177,25906,5.0,1435540910
177,25937,3.0,1435720042
177,31297,3.5,1435539307
177,71970,4.0,1435719319
177,89939,3.0,1435720314
177,123545,3.0,1435720217
178,2085,1.5,1163673592
181,596,3.0,845470175
182,899,5.0,1054783259
182,901,3.5,1055155402
182,902,5.0,1054783285
182,903,4.5,1077069064
182,904,4.0,1161623929
182,908,4.0,1054780406
182,912,5.0,1054780481
182,919,4.0,1054781073
182,923,3.5,1054780444
182,934,2.5,1054781612
182,971,4.0,1055157500
182,1104,4.5,1054781830
182,1204,4.0,1126561558
182,1207,4.5,1066639196
182,1219,3.0,1069633872
182,1237,5.0,1054780648
182,1251,5.0,1063288480
182,1253,4.0,1054779900
182,1262,4.5,1077070476
182,1267,4.0,1075764728
182,1281,4.5,1054783934
182,1287,3.5,1054782078
182,1301,4.0,1054779906
182,1941,4.0,1063285741
182,2010,5.0,1054779910
182,2067,4.0,1054782626
182,2136,0.5,1063285523
182,2181,3.5,1077804696
182,2183,3.5,1077804728
182,2728,4.0,1055157085
182,2782,4.5,1063284642
182,2863,4.0,1054784226
182,2947,4.0,1057525941
182,2948,4.0,1057525938
182,2949,4.0,1057525943
182,2993,4.0,1057525934
182,3062,4.0,1054780944
182,3196,4.5,1054782606
182,3462,4.5,1054783919
182,3629,4.5,1054783933
182,3654,3.0,1054780938
182,3742,4.0,1054781453
182,3959,2.5,1054779915
182,4178,4.0,1054781853
182,4954,4.0,1055154150
182,5498,4.5,1069633734
183,1287,5.0,992331493
183,2662,3.0,992331667
183,2947,4.0,992331435
183,2949,3.0,992331667
183,2951,3.0,992331540
183,2993,4.0,992331667
183,3062,4.0,992331540
183,3654,4.0,992331396
185,899,5.0,1044311949
185,919,3.0,1044311830
185,2085,4.0,1044311830
185,2565,4.0,1044311949
185,2863,3.0,1044311949
186,594,4.0,1031079112
186,898,4.0,1031073593
186,899,4.0,1031073593
186,902,5.0,1031072545
186,905,5.0,1031073542
186,908,4.0,1031072794
186,914,4.0,1031079112
186,915,4.0,1031080604
186,916,5.0,1031073542
186,919,5.0,1031079112
186,950,4.0,1031073630
186,952,4.0,1031087898
186,953,5.0,1031073630
186,969,5.0,1031080578
186,1019,4.0,1031079871
186,1028,5.0,1031079149
186,1035,5.0,1031079112
186,1204,4.0,1031072742
186,1253,5.0,1031073503
186,1254,4.0,1031087537
186,1269,4.0,1031073654
186,1287,5.0,1031072742
186,1301,5.0,1031079382
186,1334,5.0,1031080064
186,1931,5.0,1031087825
186,1947,4.0,1031079149
186,2186,4.0,1031073542
186,2208,5.0,1031080578
186,2366,4.0,1031087854
186,2454,4.0,1031079689
186,2662,4.0,1031079628
186,2664,5.0,1031079431
186,3516,4.0,1031081406
186,3675,4.0,1031079276
186,4406,4.0,1031073607
186,4795,4.0,1031078820
186,4813,5.0,1031079871
186,4969,5.0,1031080785
186,5008,5.0,1031073408
186,5434,4.0,1031072959
186,5497,4.0,1031073228
187,912,4.0,1161864021
187,922,5.0,1161849981
187,1203,4.0,1161849225
187,2951,4.5,1161849745
187,3627,5.0,1161954605
187,3681,4.5,1161849748
187,8228,4.0,1161954534
187,8491,4.0,1180302198
187,25788,4.0,1180301476
187,25825,4.5,1180302171
187,26082,5.0,1161849384
187,26122,4.5,1180300860
188,594,4.0,962560143
188,898,5.0,962559988
188,899,5.0,962560143
188,904,5.0,962560383
188,906,5.0,962560423
188,913,5.0,962560423
188,914,5.0,962560181
188,918,4.0,962560181
188,919,5.0,962560143
188,926,4.0,962559391
188,1028,5.0,962559967
188,1035,5.0,962560143
188,1086,4.0,962560423
188,1212,5.0,962560383
188,1269,3.0,962560423
188,1282,5.0,962560181
188,1947,5.0,962560143
188,2206,5.0,962560423
188,2565,5.0,962560181
188,2941,5.0,962560271
188,2967,4.0,962559461
188,3061,4.0,962560181
188,3097,5.0,962560044
188,3341,5.0,962560044
188,3469,5.0,962559652
191,668,5.0,829759809
193,908,5.0,1436558703
193,1207,5.0,1435857322
193,26116,5.0,1436558810
194,1035,4.0,1110316724
195,903,2.0,994276287
195,904,5.0,974707463
195,908,5.0,1012727183
195,919,1.0,979470146
195,2186,3.0,1012210187
198,903,4.0,1034137690
198,912,5.0,1034134297
198,913,4.0,1034137677
198,920,5.0,1034138307
198,923,5.0,1034134297
198,1250,5.0,1034138384
198,2067,4.0,1034136733
198,2080,5.0,1034136789
198,2184,2.0,1034139146
198,3932,3.0,1034135641
198,4178,4.0,1034207413
199,903,3.0,940379738
199,904,3.0,940381876
199,910,4.0,946523653
199,912,5.0,1094260102
199,913,4.5,1261363313
199,923,5.0,940379698
199,969,4.0,1401308909
199,1178,5.0,940380424
199,1204,5.0,1070938364
199,1207,3.0,940380847
199,1250,5.0,940380499
199,1262,5.0,1060289044
199,1267,5.0,940381876
199,1287,4.5,1095331617
199,2067,4.0,1023654764
199,2670,4.0,940380229
199,3035,4.0,946523712
199,3062,4.5,1060289034
199,3196,3.5,1095331575
199,4339,3.5,1057590671
199,4406,5.0,1095331530
199,5291,3.5,1095331571
200,913,4.0,1229876484
200,1028,3.0,1229876447
200,1029,3.5,1229876599
200,1035,3.5,1229887412
200,1250,4.0,1229887591
200,1267,3.0,1229876586
200,2067,4.0,1229889065
200,2947,4.0,1229887433
200,2948,4.0,1229888416
200,2949,4.0,1229888513
201,931,3.0,940006866
201,1028,4.0,939801930
201,1035,4.0,939225400
201,2080,4.0,939801727
201,2136,5.0,939811032
202,596,4.0,975015867
202,908,5.0,974912496
202,912,5.0,974912380
202,913,4.0,974925496
202,919,4.0,974912341
202,920,4.0,974924428
202,923,5.0,974912380
202,953,5.0,974912002
202,971,4.0,974925858
202,1086,4.0,974924788
202,1203,4.0,974912395
202,1204,5.0,974923127
202,1212,4.0,974924628
202,1219,4.0,974924662
202,1226,4.0,974923661
202,1262,5.0,974923127
202,1267,5.0,974924662
202,1283,4.0,974924297
202,1334,2.0,974925178
202,2010,4.0,974925048
202,2018,4.0,975015867
202,2553,4.0,974924816
202,2947,3.0,974918472
202,2948,5.0,974918563
202,2949,4.0,974921308
202,2951,4.0,974918588
202,2983,4.0,974924755
202,2993,4.0,974918744
202,3062,4.0,974918508
202,3654,4.0,974918530
202,3681,4.0,974924273
203,2947,3.0,1390094478
205,912,2.5,1519900636
205,1028,3.0,1519900755
205,1035,2.5,1523528499
207,1283,3.5,1258548236
207,2949,4.5,1258548026
211,1025,4.0,1350912068
211,2087,3.5,1350912861
211,2947,3.5,1350912524
211,2948,3.5,1350912517
211,2949,3.5,1350912534
212,1207,3.5,1490115049
213,908,4.0,1316197344
213,912,3.5,1316197229
213,1203,4.0,1316195547
215,912,4.5,1260908781
215,1203,4.0,1260908727
216,594,4.0,975211749
216,898,5.0,975212362
216,905,4.0,975211972
216,909,4.0,975212422
216,910,4.0,975212038
216,913,4.0,975211546
216,916,4.0,975212110
216,922,5.0,975211546
216,927,4.0,975212335
216,928,5.0,974733351
216,930,5.0,975211596
216,933,5.0,975212514
216,945,3.0,975212151
216,951,5.0,975212004
216,955,4.0,975212199
216,1028,4.0,975212727
216,1032,4.0,975211831
216,1256,3.0,975212038
216,1267,5.0,975211546
216,1269,4.0,975212395
216,1282,4.0,975211713
216,1948,4.0,975212259
216,2018,4.0,975211713
216,2087,4.0,975211831
216,2186,4.0,975211546
216,2208,4.0,974733351
216,2863,5.0,975212110
216,2936,3.0,975212151
216,2946,4.0,975212451
216,3035,3.0,975212199
216,3061,4.0,975212477
216,3435,5.0,975211546
216,3963,4.0,975598825
217,594,3.0,955942540
217,901,1.0,955934925
217,902,2.0,955934925
217,905,4.0,955943221
217,909,4.0,955943574
217,910,4.0,955942801
217,919,3.0,955941874
217,932,3.0,955935417
217,954,4.0,955935113
217,969,4.0,955936099
217,1014,3.0,955943917
217,1016,2.0,955944568
217,1017,4.0,955941990
217,1018,2.0,955944568
217,1019,3.0,955942112
217,1022,3.0,955942619
217,1029,3.0,955942619
217,1032,3.0,955942619
217,1085,3.0,955941925
217,1254,3.0,955941875
217,1256,2.0,955943259
217,1269,4.0,955943368
217,1287,3.0,955941925
217,1333,3.0,955935220
217,1937,3.0,955944095
217,1945,3.0,955942870
217,2019,2.0,956194704
217,2056,3.0,955942449
217,2080,3.0,955942646
217,2085,3.0,955942619
217,2087,4.0,955942619
217,2096,2.0,955942619
217,2136,2.0,955944052
217,2366,3.0,955935853
217,2662,2.0,955940534
217,2863,2.0,955943345
217,2874,3.0,955943917
217,2899,3.0,955942646
217,2947,3.0,955935853
217,2948,3.0,955935853
217,2949,3.0,955935853
217,2951,2.0,956194790
217,2993,3.0,955936099
217,3061,2.0,955943539
217,3307,2.0,955943259
217,3341,4.0,955943856
217,3404,5.0,955940700
217,3406,2.0,956194704
217,3417,3.0,955941875
217,3461,2.0,955941925
217,3462,3.0,955943285
217,3516,3.0,955935193
217,3548,4.0,955944095
217,3549,3.0,955935313
218,903,4.0,1111624918
218,1250,4.0,1111624904
219,903,3.5,1195259252
219,904,5.0,1194686851
219,908,4.0,1194688060
219,913,4.5,1198782336
219,928,3.0,1194686690
219,930,4.0,1195944835
219,933,3.0,1198814646
219,965,4.5,1194680879
219,1219,3.5,1194686648
219,1250,4.5,1214043587
219,1262,3.5,1194685902
219,2085,4.0,1198814627
219,2176,3.5,1198522596
219,2186,4.5,1194681510
219,2905,4.5,1198783021
219,2947,3.5,1194680664
219,2949,3.0,1195349382
219,2993,2.5,1194680853
219,3030,5.0,1194686812
219,4327,3.0,1194686092
219,5291,3.5,1194688041
219,8228,4.0,1198814690
220,912,5.0,1230061664
220,954,4.5,1230054684
220,2947,4.0,1257736388
220,4954,4.5,1230055125
221,898,3.5,1119984481
221,903,5.0,1111178200
221,904,4.5,1118246670
221,905,4.5,1111178214
221,908,5.0,1118246696
221,910,4.0,1119984151
221,912,5.0,1118246723
221,913,4.5,1119983933
221,922,5.0,1118246926
221,923,4.5,1118246740
221,926,5.0,1111178208
221,928,4.5,1111178196
221,930,4.0,1119984072
221,950,4.5,1119984208
221,951,4.0,1119984274
221,953,5.0,1111178205
221,965,4.5,1111178184
221,1086,4.5,1118246968
221,1103,4.0,1111178164
221,1104,5.0,1111176441
221,1203,4.5,1118246632
221,1204,3.5,1119983987
221,1207,5.0,1111178168
221,1212,5.0,1111178150
221,1219,4.5,1119983925
221,1250,3.5,1119983945
221,1254,4.5,1119984053
221,1260,4.5,1119984162
221,1267,4.0,1111176429
221,1269,4.5,1119984601
221,1283,4.5,1119984206
221,1284,4.5,1111178130
221,1287,4.0,1111178141
221,1927,5.0,1119984172
221,1944,4.5,1111178029
221,1945,4.5,1118246917
221,2019,5.0,1118246666
221,2176,4.0,1119984516
221,2186,4.0,1118246901
221,2951,4.5,1111177947
221,3089,4.5,1119984279
221,3095,4.5,1119984340
221,3334,4.5,1119984226
221,3435,4.5,1118246651
221,3681,4.5,1119983984
221,4338,4.5,1119984638
221,4799,3.5,1111178377
221,4914,4.0,1119984619
221,5008,4.0,1118246704
221,5291,4.5,1119983899
221,6461,5.0,1118246823
221,6662,4.0,1118246941
221,7013,4.0,1119984076
221,7056,4.5,1111178526
221,7072,4.0,1119984230
221,7215,4.5,1118246945
221,7216,4.5,1119984215
221,7311,3.5,1119984511
221,7728,4.0,1111177819
221,8044,4.5,1119983966
221,8228,4.5,1118246660
221,25773,4.0,1121365551
221,25841,4.5,1119984290
222,2205,3.5,1391354406
223,2747,2.0,1226209415
223,55854,3.0,1226209799
224,953,4.0,971811286
224,969,1.0,971812789
224,2080,4.0,971812611
225,1219,3.0,949261262
225,1333,3.0,949261297
225,2454,4.0,949261430
225,2633,4.0,949261391
225,2648,2.0,949261330
226,594,3.0,1095662832
226,596,3.0,1095662283
226,919,3.0,1095662480
226,1025,4.0,1095713354
226,1028,3.0,1097545969
226,1029,3.5,1114838696
226,1032,3.0,1096420168
226,1035,3.0,1095663039
226,1204,2.0,1095662276
226,1207,4.0,1095663017
226,1262,4.5,1095663271
226,1947,4.0,1096420745
226,2080,3.0,1095663233
226,2085,3.0,1096420068
226,2398,2.5,1096420024
227,912,3.5,1447189854
227,919,4.0,1447209942
230,912,1.5,1196304813
230,1022,2.0,1196304128
230,2080,2.0,1196304120
230,2096,3.0,1196304196
230,8626,1.5,1196304735
231,3462,3.0,1433089523
232,594,2.5,1182910233
232,596,2.5,1182910339
232,919,4.0,1076956366
232,953,4.0,1182909699
232,1012,3.0,1076967778
232,1022,2.5,1218169998
232,1028,3.5,1085353465
232,1029,2.0,1218170631
232,1032,3.0,1182910079
232,1035,3.5,1182907470
232,1333,1.5,1182910719
232,2018,1.5,1182910568
232,2080,2.5,1182910401
232,2087,3.0,1076956017
232,2096,2.5,1182910242
232,2430,3.0,1182909516
232,4969,3.0,1182910064
234,594,5.0,1004409582
234,917,4.0,1004409614
234,919,4.0,1004408886
234,1012,4.0,1004409599
234,1028,4.0,1004409614
234,2080,5.0,1004409394
235,594,4.0,841422693
237,1203,4.0,1411233968
238,1287,3.0,1007931105
238,2067,5.0,1007931845
238,4329,4.0,1007931786
238,4954,3.0,1007931691
240,594,3.0,849122594
240,596,3.0,849122774
245,912,3.0,951182649
245,3196,3.0,951183042
246,910,4.5,1354126965
247,899,5.0,1467759490
247,912,4.0,1467665453
247,919,4.0,1467661173
247,923,4.0,1467759737
247,953,2.0,1467759763
247,1022,2.0,1467936073
247,1035,2.0,1467936308
247,1207,3.0,1467661227
247,2085,3.5,1467935459
249,903,4.0,1422131991
249,904,3.5,1346757663
249,908,4.0,1367765751
249,912,4.5,1410001922
249,1029,4.0,1356439528
249,1086,4.0,1422131701
249,1178,4.0,1346757558
249,1203,5.0,1346752532
249,1219,5.0,1346757676
249,2949,4.0,1346752288
249,2951,4.5,1349048846
249,3307,4.0,1346757785
249,3681,4.5,1349220939
249,4954,4.5,1355677347
250,1035,5.0,1121217778
250,1282,5.0,1121217555
250,2085,4.0,1121217942
250,4921,5.0,1121217910
250,6983,5.0,1121217775
253,916,2.5,1286642684
253,926,4.5,1286642757
253,955,4.5,1286642779
253,965,3.5,1286642850
253,1212,4.5,1286642647
253,6985,4.0,1286644192
254,904,4.5,1180564710
255,2102,1.0,1005717536
255,3929,2.0,1005717292
257,594,3.5,1141625101
260,903,4.5,1109410827
260,904,4.0,1109408320
260,910,2.5,1109411020
260,1219,4.0,1109410702
260,1251,3.0,1109409792
260,1301,4.0,1109408616
260,2010,4.0,1109410933
260,2186,3.0,1109410714
260,7564,4.5,1109410469
260,8507,3.0,1109410482
262,594,4.0,840306002
263,912,4.0,941591605
263,1066,5.0,941591605
263,2080,3.0,945849933
263,2085,3.0,945849913
264,1028,5.0,1136978605
264,1035,5.0,1136978907
264,1250,5.0,1136978361
264,2085,4.0,1136978839
264,7303,4.5,1136978802
265,899,4.0,965314334
265,923,4.0,965316039
265,953,5.0,965316060
265,969,5.0,965314300
265,1203,4.0,965316218
265,1945,4.0,965316218
265,2430,3.0,965319335
265,2454,4.0,965315073
265,3035,4.0,965316339
265,3196,4.0,965316395
266,919,1.0,944980614
266,2863,4.0,945670912
266,2947,5.0,945667724
267,919,5.0,959815004
267,923,2.0,959806612
268,898,5.0,940181021
268,2019,5.0,940180858
268,2182,2.0,940185501
268,2351,5.0,940180936
268,2863,4.0,940181204
271,969,4.0,1234301699
271,1282,3.0,1234301660
274,594,3.0,1171493418
274,596,3.5,1171785488
274,904,3.0,1176702899
274,908,3.5,1204878965
274,912,3.5,1197880114
274,919,3.5,1171427932
274,922,3.5,1284685294
274,923,3.0,1203892747
274,1022,2.5,1171785492
274,1025,3.5,1172269383
274,1029,3.5,1171944454
274,1032,3.5,1171785357
274,1203,3.5,1199751945
274,1219,4.0,1197426191
274,1253,4.0,1253914593
274,1282,3.5,1186752484
274,2018,3.5,1171785206
274,2019,4.0,1200644410
274,2080,3.0,1171944340
274,2085,3.5,1172269362
274,2087,3.0,1171759794
274,2096,3.0,1171784764
274,2136,3.0,1171830457
274,2205,2.5,1171410767
274,2726,4.0,1226314584
274,2782,3.5,1197272537
274,2863,3.5,1223000434
274,2946,3.5,1200431594
274,2947,4.0,1186730469
274,2951,3.0,1171409266
274,3681,4.0,1171409148
274,4954,4.0,1171827898
274,6405,3.0,1172269284
274,7064,3.0,1172024146
274,7222,4.0,1238050987
274,8507,3.0,1171409468
275,903,5.0,1049079493
275,904,5.0,1049078012
275,905,3.0,1049079216
275,908,5.0,1049078001
275,909,5.0,1049078169
275,910,3.0,1049078069
275,912,5.0,1049079133
275,913,3.0,1049078123
275,916,3.0,1049079466
275,920,5.0,1049076206
275,923,5.0,1049078001
275,926,4.0,1049078323
275,951,5.0,1049078069
275,953,5.0,1049079179
275,954,5.0,1049079562
275,1219,4.0,1049078012
275,1267,5.0,1049078055
275,1333,4.0,1049079573
275,1944,4.0,1049078362
275,1945,5.0,1049079449
275,2186,5.0,1049079168
275,2212,4.0,1049078377
275,2731,4.0,1049079432
275,2935,5.0,1049078088
275,2937,5.0,1049078055
275,3038,5.0,1049079539
275,3089,4.0,1049078271
275,3134,2.0,1049078197
275,3435,5.0,1049078197
275,3468,5.0,1049079353
275,5147,3.0,1049077953
275,5603,5.0,1049078254
275,6254,5.0,1049076289
280,902,4.0,1348435642
280,910,3.0,1348434929
280,916,4.0,1348434789
280,919,3.5,1348532290
280,1028,4.0,1348453179
280,1035,5.0,1348435634
280,1207,4.0,1348434102
280,8228,3.0,1348434814
280,8341,4.5,1348436476
282,912,3.5,1378490006
282,919,5.0,1378495687
282,923,1.0,1378490118
282,1028,4.5,1378497546
282,1203,4.5,1378489980
282,1947,3.0,1378498594
282,2019,3.5,1378489639
282,2398,3.0,1378498608
282,2948,4.0,1378488903
285,903,5.0,1459570730
285,904,5.0,1468964288
285,912,5.0,1456669687
285,949,4.0,1459365477
285,1103,3.0,1449626065
285,1104,5.0,1453074758
285,1219,4.5,1449626163
285,1333,4.0,1451151233
285,1945,4.0,1453940840
286,1333,4.0,1119561537
287,2633,2.0,1110230823
287,2747,3.0,1110230661
287,4954,1.5,1110230783
288,594,4.5,1079984321
288,596,3.5,1054568961
288,899,4.0,976139656
288,904,4.0,985626767
288,908,3.0,975691307
288,912,4.0,976139635
288,919,3.5,1054568911
288,920,3.0,976139692
288,923,3.5,1054569504
288,952,3.0,978467717
288,953,4.5,1066059673
288,963,3.0,1071523563
288,969,3.0,976139709
288,1008,3.0,985625095
288,1012,3.5,1054568453
288,1013,3.0,978469957
288,1016,3.5,1054569680
288,1017,4.0,978467780
288,1019,3.0,976139342
288,1022,3.0,978469358
288,1024,2.0,978469502
288,1025,2.0,978469270
288,1028,4.0,976120723
288,1029,3.0,978469270
288,1032,4.0,978469358
288,1035,3.0,975691369
288,1083,3.0,978559568
288,1204,5.0,978467527
288,1219,5.0,976138527
288,1250,3.5,1079984160
288,1253,3.0,976139271
288,1256,4.0,978559002
288,1262,4.0,978467527
288,1269,4.5,1079984349
288,1282,3.5,1079984166
288,1283,3.0,985625052
288,1287,4.0,978465510
288,1924,2.0,976138804
288,1947,3.0,976139738
288,2015,3.0,976120723
288,2018,3.0,978469270
288,2043,3.0,978467899
288,2057,3.0,978468314
288,2080,3.0,976139964
288,2085,3.0,978469455
288,2087,3.0,978469358
288,2096,3.0,978469199
288,2098,3.0,976120738
288,2099,4.0,978467753
288,2136,3.0,976120723
288,2176,3.5,1054568342
288,2365,2.0,1050510953
288,2454,3.0,1026309838
288,2662,3.0,1026309807
288,2664,4.0,976138507
288,2728,3.0,979163780
288,2863,3.0,1050509774
288,2946,3.0,976120692
288,2947,4.0,978465510
288,2948,3.0,978465565
288,2949,3.5,1054569001
288,2951,3.5,1079984727
288,2993,3.0,978465686
288,3095,4.0,979163436
288,3368,3.0,976139738
288,3654,3.0,1014821827
288,3681,3.0,985625074
288,3833,2.0,976139017
288,3873,3.0,978471458
288,3926,3.0,975691635
288,3928,3.5,1054568525
288,3930,1.0,975691508
288,3959,3.0,975691456
288,3964,3.0,978469455
288,4042,3.0,979164576
288,4329,3.0,1014821704
288,4966,3.0,1026309749
288,5497,3.0,1050510814
288,5638,2.0,1050510241
288,6239,3.0,1050510205
288,6629,3.0,1138806887
288,7619,3.5,1085424808
289,594,3.5,1143424605
289,6453,3.5,1143424995
290,898,5.0,975031095
290,899,5.0,975030750
290,900,4.0,974942209
290,903,5.0,974938228
290,904,5.0,975030622
290,905,5.0,975030622
290,908,5.0,975030699
290,909,5.0,974938617
290,910,5.0,974938064
290,911,4.0,974943209
290,912,5.0,974938151
290,913,5.0,975030699
290,915,4.0,974942446
290,918,5.0,975031234
290,919,5.0,975030570
290,923,5.0,974937918
290,928,5.0,974938036
290,930,4.0,974938272
290,938,5.0,975031297
290,951,5.0,975030982
290,953,5.0,974938836
290,954,5.0,974938670
290,955,5.0,974942093
290,969,5.0,974938303
290,971,5.0,974938908
290,1086,4.0,975031393
290,1204,5.0,974937901
290,1219,5.0,974937993
290,1250,5.0,974938755
290,1254,5.0,975030896
290,1262,5.0,974938393
290,1269,4.0,974942734
290,1282,5.0,975031375
290,1283,5.0,975031171
290,1287,4.0,974943016
290,1333,4.0,974942241
290,1344,4.0,974942469
290,1927,5.0,975030736
290,1939,5.0,974938617
290,1944,5.0,974938647
290,1945,5.0,975031147
290,1947,5.0,975031439
290,2066,4.0,974938560
290,2067,5.0,974942150
290,2366,5.0,974938371
290,2565,4.0,975031719
290,2648,5.0,974938253
290,2660,4.0,975031636
290,2731,5.0,974938211
290,2732,5.0,974938371
290,2935,4.0,974937974
290,2936,4.0,974938560
290,2937,4.0,974938193
290,2940,4.0,974938864
290,2947,5.0,974939555
290,2948,4.0,974942658
290,3035,5.0,975031333
290,3089,5.0,974938065
290,3095,5.0,974938065
290,3217,4.0,974942446
290,3307,5.0,974937850
290,3334,4.0,974942446
290,3341,4.0,974938131
290,3435,5.0,974937918
290,3559,4.0,974938725
290,3634,4.0,975031171
290,3849,4.0,974938755
292,594,3.0,1360446303
292,914,2.0,1357062188
292,923,1.5,1265680002
292,952,4.0,1293563056
292,1017,4.5,1265679891
292,1022,3.0,1360446298
292,1035,4.0,1332678645
292,1203,4.0,973816970
292,1207,4.5,1265680175
292,2080,3.0,1360446306
292,2085,4.5,1293563091
292,2096,3.0,1360446295
292,2948,4.0,973817247
292,2949,4.0,1332678642
292,2993,4.0,1323631954
292,3086,5.0,990062271
292,3468,3.0,1265680047
292,3654,4.0,1301252599
292,3871,4.0,973817265
292,3959,4.0,1265679864
293,1029,2.0,1044871018
294,910,4.0,966594956
294,919,2.0,966633792
294,952,4.0,966595748
294,1018,1.0,966596184
294,1019,2.0,966633881
294,1204,5.0,966633760
294,1254,3.0,966633760
294,1262,4.0,966633760
294,2010,3.0,966594786
294,2098,2.0,966596072
294,2136,3.0,966596438
294,2899,1.0,966634003
294,3873,3.0,966595028
295,912,4.0,1320064776
295,1287,2.0,1320064852
298,2019,3.0,1466276056
298,3307,3.0,1447584639
298,3462,4.0,1449756314
298,7926,4.0,1447518364
301,2085,2.0,1211376280
303,920,3.0,1053302773
303,2662,3.5,1053303235
304,902,4.0,945625667
304,944,4.0,947131576
304,954,5.0,891172903
304,1019,4.0,891174024
304,1025,4.0,891173962
304,1028,4.0,891173962
304,1035,4.0,891173884
304,1207,5.0,891173884
304,2019,4.0,889952810
305,899,4.5,1490211290
305,903,3.5,1518198067
305,904,4.5,1460135276
305,916,4.5,1516130791
305,919,5.0,1460135811
305,953,4.0,1516130661
305,965,4.0,1518768359
305,1086,4.0,1518197105
305,1178,5.0,1516130775
305,1203,5.0,1460135663
305,1207,4.5,1460135352
305,1219,5.0,1460135296
305,1237,3.5,1464676090
305,1250,5.0,1460305704
305,1253,5.0,1460366849
305,1262,5.0,1463503090
305,1333,5.0,1460135851
305,2010,5.0,1516131751
305,2648,4.5,1460225565
305,2664,5.0,1460225572
305,2951,5.0,1460135748
305,3681,5.0,1460221953
305,3930,2.5,1461944891
307,594,2.5,1186161562
307,596,2.5,1186161902
307,902,3.5,1197475173
307,904,4.0,1198680625
307,908,4.0,1198813463
307,909,4.0,1186085192
307,910,3.0,1186162190
307,916,4.0,1200150332
307,919,5.0,1186161447
307,923,4.0,1194121098
307,953,3.0,1186161871
307,1028,4.0,1186161879
307,1032,4.0,1186084642
307,1035,4.0,1186161851
307,1086,4.0,1213926445
307,1204,3.5,1186161930
307,1207,3.0,1186161862
307,1219,3.0,1186161602
307,1333,3.0,1186086590
307,2017,0.5,1186173639
307,2018,3.0,1186085837
307,2087,2.5,1186163119
307,2205,2.5,1186257613
307,3468,3.5,1205343214
307,4359,3.0,1186172927
307,4403,3.0,1186260278
307,5099,3.0,1189608517
307,8695,2.5,1186085704
307,26133,4.0,1224508591
308,904,1.0,1421373901
308,912,3.0,1421374237
308,1028,4.0,1421375725
308,1035,3.0,1421375673
308,1203,0.5,1421373899
309,898,4.5,1126452119
309,902,4.0,1086565768
309,904,4.0,1126451007
309,906,3.5,1166068397
309,908,3.5,1126451042
309,911,4.0,1126452246
309,912,5.0,1086564162
309,913,4.5,1086563234
309,919,4.5,1126452070
309,930,4.0,1166068873
309,933,4.0,1126452097
309,953,4.0,1086563214
309,954,2.5,1126451098
309,971,4.5,1086565216
309,973,4.0,1086564073
309,1104,3.0,1086565114
309,1203,5.0,1086565028
309,1204,4.0,1086563225
309,1207,3.0,1126451015
309,1219,3.5,1166068970
309,1250,5.0,1086563279
309,1262,4.5,1126451034
309,1269,3.5,1126452161
309,1283,5.0,1126451967
309,1301,4.0,1126453993
309,1942,4.0,1086564805
309,1944,4.0,1086565138
309,1946,4.0,1086565203
309,2019,5.0,1126148696
309,2067,3.5,1086565746
309,2182,2.0,1086565350
309,2186,4.0,1166068887
309,2202,5.0,1086564783
309,3095,3.5,1086564194
309,3171,4.0,1166068655
309,3435,4.0,1166068355
309,3872,3.5,1086565300
309,4327,4.0,1126452000
309,4339,3.5,1086565822
309,4406,3.5,1126452027
309,4432,4.0,1172334543
309,5008,4.5,1166068369
309,5398,4.0,1086565596
309,6452,4.0,1086565163
309,6777,4.0,1126450615
309,7216,4.5,1126451068
309,7218,4.5,1086564148
309,7303,4.0,1086565067
309,7943,4.0,1166068511
309,8154,4.0,1086565897
309,8228,4.0,1166068838
309,25886,3.5,1126451959
310,904,5.0,1078647895
310,1204,5.0,1078648353
310,1945,5.0,1078648481
310,3330,4.5,1078648511
310,5899,5.0,1078648385
311,6461,4.0,1057854696
311,6561,3.0,1057854733
312,680,4.0,1043176773
312,903,5.0,1043177323
312,904,4.0,1043177323
312,912,5.0,1043177067
312,1178,5.0,1043177080
312,1204,5.0,1043177067
312,1212,4.0,1043177445
312,1219,5.0,1043175952
312,1253,4.0,1043176553
312,1333,4.0,1043176038
312,1344,4.0,1043177738
312,2186,4.0,1043177323
312,2203,4.0,1043177445
312,2366,4.0,1043176065
312,2454,3.0,1043176138
312,2550,4.0,1043176065
312,2644,3.0,1043175985
312,2747,3.0,1043176325
312,3742,5.0,1043177284
313,912,3.0,1030555523
313,919,3.0,1030476460
313,920,2.0,1030555777
313,1212,1.0,1030556827
313,1219,3.0,1030475592
313,1287,3.0,1030476460
313,1301,4.0,1030474705
313,1344,4.0,1030476305
313,2043,2.0,1030475484
313,2080,1.0,1030558326
313,2087,2.0,1030558302
313,2287,5.0,1030474825
313,2363,3.0,1030474810
313,2366,2.0,1030475605
313,2553,4.0,1030474757
313,2664,3.0,1030475620
313,2728,3.0,1030558439
313,2747,2.0,1030475679
313,2947,4.0,1030556143
313,2949,4.0,1030556197
313,3153,5.0,1030475342
313,3930,3.0,1030475668
313,4799,3.0,1030557763
314,594,3.0,834398772
315,902,4.0,939920661
315,909,5.0,939919421
315,914,3.0,939919700
315,1028,3.0,939919700
315,1035,4.0,939919700
315,1204,3.0,939920310
315,1207,5.0,939919421
315,1251,4.0,939919421
315,1262,4.0,939920661
315,1333,3.0,939920310
315,1947,4.0,939919700
315,2015,3.0,939922322
315,2067,4.0,939920310
315,2085,3.0,939919700
315,2136,3.0,939920661
315,2553,2.0,939920310
315,2554,2.0,939922322
315,2729,3.0,939920661
315,2863,2.0,939920661
315,2951,2.0,939922322
317,904,4.0,1430361441
317,1207,3.0,1430512244
317,1219,5.0,1430366136
317,1262,3.0,1430517307
317,2186,3.0,1430517351
318,594,3.5,1256504618
318,596,3.5,1342597176
318,904,4.0,1417205177
318,910,3.5,1342626202
318,913,3.5,1424455787
318,922,4.0,1327169322
318,1022,2.5,1346841051
318,1024,4.0,1482750515
318,1032,4.0,1235503695
318,1035,2.5,1262805813
318,1203,4.0,1286611622
318,1212,3.5,1417205182
318,1253,2.5,1346841002
318,1260,4.0,1423222299
318,1281,4.5,1268586506
318,1282,4.0,1262805879
318,2018,4.0,1346840927
318,2087,3.5,1346840924
318,3038,4.0,1417889359
318,3224,4.0,1422285502
318,3306,3.5,1424780995
318,3307,3.0,1413722549
318,3736,3.0,1419078242
318,3845,4.0,1507742593
318,7064,3.5,1286611736
318,7206,4.0,1451770351
318,7209,4.0,1451770423
318,7238,4.0,1428491623
318,8190,4.0,1428826553
318,8484,4.5,1454191520
318,8724,4.5,1484506631
318,8748,4.5,1419695304
318,26003,4.5,1413646074
318,26048,4.5,1457642882
318,26059,4.5,1432312458
318,26073,5.0,1456619819
318,31545,4.0,1427579375
318,32917,4.0,1484506674
318,44931,4.5,1424164414
318,62208,4.5,1436351571
318,71147,3.0,1433531152
318,71453,4.0,1436440049
318,74089,3.5,1265573904
318,92637,3.5,1426784369
318,96084,4.5,1421145142
318,120761,3.5,1427578797
318,134019,3.5,1444136221
319,912,4.5,1461352089
320,1013,3.5,1284250735
320,3404,0.5,1284250854
322,912,5.0,1217676046
322,913,3.5,1217675567
322,953,4.0,1217676860
322,1032,3.0,1217674947
322,1035,2.5,1217676843
322,1203,4.0,1217677750
322,1237,3.0,1217675084
322,8228,3.5,1217675233
325,904,5.0,1039395789
325,919,4.0,1039397978
325,969,5.0,1039397599
325,1028,4.0,1039397019
325,1207,4.0,1039397109
325,1219,5.0,1039397876
325,1248,5.0,1039399628
325,1253,4.0,1039396934
325,1260,4.0,1039396324
325,1333,4.0,1039397577
325,1947,3.0,1039396341
325,1948,4.0,1039397313
325,2010,4.0,1039398865
325,2183,3.0,1039398353
325,2186,5.0,1039397168
325,2204,3.0,1039399746
325,2366,4.0,1039395430
325,2848,4.0,1039396351
325,3088,5.0,1039397746
325,3435,5.0,1039395583
325,3461,4.0,1039395609
325,3742,4.0,1039398784
325,4263,4.0,1039399618
325,4294,3.0,1039397243
325,4954,2.0,1039396129
325,5008,4.0,1039395975
325,5291,5.0,1039398154
327,953,5.0,1234788185
328,594,4.0,1494210570
328,596,4.0,1494210927
328,899,0.5,1494212069
328,904,3.5,1494210384
328,912,1.0,1494210380
328,914,4.0,1494212046
328,919,3.0,1494210670
328,953,5.0,1494211083
328,1013,2.0,1494211147
328,1022,2.5,1494210989
328,1025,3.5,1494210934
328,1028,5.0,1494210524
328,1032,3.0,1494212057
328,1035,5.0,1494212245
328,1203,5.0,1494210997
328,1219,5.0,1494210797
328,1262,4.0,1494212034
328,1282,5.0,1494210667
328,1333,4.0,1494212084
328,1947,3.0,1494211095
328,2018,2.5,1494211011
328,2080,3.5,1494210967
328,2087,3.0,1494211240
328,2398,4.5,1494211042
328,2947,3.5,1494211000
329,1219,2.0,1523468410
329,1237,5.0,1523468283
329,130482,4.0,1523468254
330,594,3.0,1285905419
330,904,3.5,1285904486
330,919,4.5,1285905261
330,1028,4.0,1285905662
330,1035,4.5,1285905645
330,1207,4.0,1285904603
330,1219,3.5,1285903841
330,6460,4.5,1285904622
332,904,4.5,1352673895
332,910,4.5,1352674442
332,912,4.5,1352672004
332,922,4.5,1352671024
332,1203,4.0,1352671268
332,1204,4.5,1352673468
332,1237,4.0,1352674423
332,1282,4.0,1352671692
332,1301,4.0,1352674282
332,1344,3.5,1352674315
332,1931,4.0,1352674447
332,2019,4.5,1352672059
332,2085,3.5,1352672507
332,2366,3.5,1352672632
332,2732,4.0,1352674272
332,2905,4.5,1352674277
332,3030,4.5,1352674432
332,5291,5.0,1352672926
332,7766,4.0,1352674260
332,7925,4.5,1352674254
334,908,3.5,1225477649
334,1250,3.5,1225477731
336,1267,3.5,1121639122
338,1203,5.0,1530148436
339,904,4.5,1460519035
339,908,4.5,1460519002
339,1178,4.5,1460868619
339,1203,4.0,1460182155
339,1219,4.0,1460182818
339,2019,4.0,1460346308
339,3462,4.0,1460182248
342,1013,2.0,1042821145
342,5099,1.0,1042821231
343,1203,4.5,1202060847
345,898,4.0,1342826827
345,926,5.0,1342828555
345,932,5.0,1342827848
345,969,4.5,1342827857
345,1019,3.0,1342826819
345,1203,5.0,1342827258
345,2366,3.5,1342826788
345,3801,4.0,1342829007
345,4419,4.5,1342828595
345,4792,3.0,1342827294
345,7121,5.0,1342827777
345,38164,4.0,1342828611
346,902,3.0,1094645760
346,903,4.0,1125857608
346,904,4.5,1125857473
346,912,4.5,1125857764
346,923,4.0,1155066626
346,1212,4.0,1125857669
346,1219,5.0,1125857425
346,1237,5.0,1094646270
346,1248,4.5,1125857630
346,1251,3.0,1125857334
346,1333,3.5,1172692434
346,1572,2.5,1125857345
346,1945,3.5,1125857720
346,3075,4.5,1125858109
346,3627,4.0,1155066835
346,4404,4.0,1125857453
346,4914,4.0,1094651258
346,5147,4.5,1125857419
346,6023,3.0,1125859125
346,6643,4.0,1172692115
346,6858,4.0,1133799772
346,7013,4.0,1155066817
346,7234,3.5,1125857750
346,7748,4.0,1125857731
346,7820,3.5,1133799346
346,7937,3.0,1172692108
346,7940,4.5,1125857331
346,8228,3.0,1133799543
346,8507,3.5,1094651381
346,32179,4.0,1172692130
348,903,5.0,1378850653
348,912,5.0,1378850197
348,915,4.5,1378849927
348,1250,4.5,1378850776
348,1267,4.5,1378850708
348,2019,5.0,1378850189
348,2366,4.0,1378849865
348,5291,4.5,1378850270
354,903,4.0,1200953304
354,1035,4.0,1200953203
354,1204,4.0,1200953210
354,1219,4.0,1200952862
354,1333,4.0,1200865348
354,2947,4.0,1200869887
354,2949,3.5,1200865477
355,900,5.0,974965256
355,901,5.0,974966389
355,910,4.0,974966389
355,915,4.0,974966389
355,916,4.0,974966389
355,933,5.0,974966389
355,2080,3.0,974966389
355,2951,4.0,974965307
355,3035,3.0,974966389
355,3548,4.0,974966389
356,902,4.5,1232431178
356,912,5.0,1228072996
356,916,4.5,1228072704
356,3088,4.5,1229139767
356,3435,5.0,1228072749
357,594,4.0,1348612277
357,596,4.0,1348627644
357,898,4.0,1348609811
357,899,5.0,1348610852
357,914,4.0,1348610398
357,915,3.0,1348610981
357,918,5.0,1348611846
357,919,4.5,1348610304
357,920,5.0,1348610673
357,926,5.0,1348610665
357,953,5.0,1348610697
357,955,3.0,1348610984
357,1022,4.5,1348627557
357,1028,4.5,1348610883
357,1029,4.0,1348627649
357,1035,4.5,1348610855
357,1104,5.0,1348610658
357,1207,5.0,1348611733
357,1219,4.5,1348611077
357,1267,4.0,1348611109
357,1269,4.5,1348610926
357,1282,3.0,1348611698
357,1287,4.0,1348612339
357,1333,3.5,1348610795
357,1947,5.0,1348610861
357,2067,5.0,1348609829
357,2080,3.5,1348627530
357,2087,3.0,1348609778
357,2398,4.5,1348611367
357,2565,3.5,1348610865
357,2863,4.0,1348610889
357,3095,4.0,1348611394
357,3549,4.5,1348610904
357,7078,5.0,1348628496
357,26084,5.0,1348610898
357,26133,4.5,1348627535
357,73854,4.0,1348627627
358,902,4.0,1339546344
358,2226,1.0,1339545476
358,26095,0.5,1339545947
358,65350,0.5,1339545973
361,1035,2.0,1204045936
362,1212,4.5,1530643915
362,1287,4.5,1530643290
362,1945,4.5,1530654530
362,2176,4.5,1530638262
367,898,4.0,997811870
367,899,5.0,997811393
367,902,3.0,997812946
367,910,4.0,997811632
367,912,5.0,997812810
367,915,4.0,997812240
367,919,5.0,997811194
367,923,5.0,997812715
367,926,4.0,997813545
367,928,4.0,997811450
367,934,4.0,997812459
367,953,5.0,997812874
367,1028,5.0,997812099
367,1207,5.0,997811156
367,1219,4.0,997811331
367,1282,2.0,997811354
367,1287,4.0,997811450
367,2018,5.0,997811313
367,2080,5.0,997811963
367,2398,5.0,997812892
367,2430,4.0,997810886
367,2747,3.0,997812555
367,3061,5.0,997812510
367,3088,5.0,997811731
367,3341,4.0,997811790
367,3435,4.0,997813382
367,3548,4.0,997811750
368,903,3.0,971275394
368,904,3.0,971275394
368,908,3.0,971273222
368,920,4.0,971274910
368,1035,3.0,971273409
368,1219,3.0,971275360
368,1250,3.0,971274649
368,1262,4.0,971274603
368,1939,3.0,971274692
368,1944,3.0,971274822
368,2202,3.0,971274910
368,2366,4.0,975828914
368,2662,2.0,971274957
368,2670,3.0,971274957
368,2941,3.0,971274866
368,2947,3.0,975828964
368,2948,3.0,975805278
368,2949,3.0,975828999
368,2993,3.0,975829209
368,3035,3.0,971274866
368,3062,4.0,975829046
368,3628,2.0,971274999
368,3643,3.0,971275047
368,3654,3.0,971274866
368,3871,4.0,971273268
368,3873,2.0,971273222
368,3922,1.0,971274103
368,3930,2.0,971273377
368,3959,3.0,975805278
369,934,3.5,1237081698
369,938,1.5,1237081893
369,1256,4.0,1236830438
369,1262,3.0,1237081570
369,2863,2.5,1236830503
369,2948,3.5,1237081666
369,7132,3.5,1237083089
369,33312,3.5,1237082470
372,903,3.0,874414948
372,904,4.0,874414749
372,920,3.0,874417022
372,931,4.0,874415062
372,953,4.0,874415666
372,1019,3.0,874416120
372,1022,3.0,874415832
372,1029,2.0,874416493
372,1203,4.0,874414749
372,1204,5.0,874414948
372,1219,3.0,874415516
372,1344,4.0,874416773
373,594,5.0,846830279
373,596,5.0,846830457
374,1219,3.0,849089349
374,1333,4.0,849089401
375,1022,3.0,1225230212
376,912,4.0,1364994347
376,913,4.0,1364933827
376,1262,4.0,1364932636
376,3089,5.0,1364933098
377,680,5.0,1340343623
377,900,2.5,1340344005
377,909,4.0,1340345156
377,926,4.5,1340343456
377,1019,4.5,1340342317
377,1032,4.0,1340343403
377,1203,5.0,1340342211
377,1251,4.5,1340342565
377,1262,4.5,1340341828
377,1269,4.5,1340345468
377,1927,3.5,1340343495
377,1942,4.5,1340343549
377,1947,2.5,1340341895
377,2015,3.5,1340342674
377,3153,4.5,1340342559
377,3364,4.0,1340345650
377,3648,4.0,1340342656
377,3928,3.0,1340342631
377,4042,3.5,1340343345
377,4294,5.0,1340342526
377,4434,4.0,1340342196
377,4792,4.5,1340342233
377,4942,4.5,1340344368
377,5468,5.0,1340342311
377,5979,3.0,1340347450
377,6654,3.5,1340347438
377,6656,4.0,1340347472
377,6836,3.5,1340343864
377,7706,4.0,1340344393
377,7756,5.0,1340343359
377,7834,4.0,1340342977
377,8138,4.0,1340347454
377,25771,5.0,1340344293
377,25959,2.5,1340344443
377,32139,4.0,1340343100
377,42556,5.0,1340342545
377,71302,4.5,1340347445
377,80748,4.0,1340343396
377,92760,3.5,1340347424
377,94262,3.0,1340347431
380,594,4.0,1494803505
380,596,4.0,1494803583
380,899,3.0,1494803693
380,919,3.0,1493474195
380,953,4.0,1494803542
380,965,4.0,1494804728
380,1022,3.0,1494803762
380,1028,4.0,1494803560
380,1029,4.0,1494803778
380,1035,3.0,1494803558
380,1207,5.0,1494803535
380,1219,4.0,1494803477
380,1256,4.0,1494804191
380,1281,4.0,1494804503
380,1282,3.0,1494803608
380,1333,4.0,1494803655
380,2010,4.0,1536873291
380,2018,3.0,1494803933
380,2080,3.0,1494803700
380,2085,3.0,1494803881
380,2087,3.0,1494803942
380,2096,3.0,1493423191
380,2287,4.0,1495476202
380,2366,5.0,1494803979
380,2454,4.0,1494804716
380,2648,5.0,1495475781
380,2656,3.0,1536875205
380,2660,3.5,1537040520
380,2947,5.0,1493423209
380,2948,5.0,1493473806
380,2949,5.0,1493473806
380,2951,5.0,1493473799
380,2993,3.0,1493473818
380,4327,4.0,1494804607
380,5899,5.0,1508437185
381,594,2.0,1166972089
381,596,3.5,1167542956
381,919,4.0,1200824479
381,1028,4.5,1164876962
381,1029,2.5,1168664528
381,1035,4.0,1200824251
381,1207,3.0,1164383649
381,1282,4.0,1167542614
381,1947,3.0,1167542994
381,2018,2.5,1167543551
381,2080,3.0,1167542980
381,2085,3.0,1164381726
381,2087,3.0,1167543564
381,7064,2.0,1164383759
382,910,4.0,1515160874
382,912,5.0,1515160629
382,1204,5.0,1515160739
382,1219,5.0,1515160705
382,2019,5.0,1515160652
382,2947,4.5,1515172971
382,2948,5.0,1515172966
382,2993,3.5,1515172951
383,903,4.0,943571272
384,1204,5.0,994038103
384,2669,3.0,996441021
384,2856,3.0,996440939
384,4323,4.0,994038152
385,594,3.0,834694144
385,596,3.0,842892454
385,903,4.0,865023813
385,1012,3.0,842892242
385,1013,3.0,842893062
385,1014,3.0,842893045
385,1017,2.0,842892477
385,1019,3.0,842892341
385,1022,3.0,842892370
385,1028,3.0,842892309
385,1029,3.0,842892279
385,1032,3.0,842892242
385,1035,3.0,842893095
385,1204,5.0,865025717
385,1219,4.0,865025073
385,1254,4.0,865026372
385,1281,4.0,865025990
385,1282,4.0,865024570
385,1283,4.0,865026373
385,1287,4.0,865025755
385,1301,3.0,865026392
387,841,3.0,1185433285
387,899,3.0,1094877043
387,902,2.5,1094875476
387,903,5.0,1094875275
387,904,3.5,1121052573
387,906,3.5,1117430420
387,908,4.0,1094876356
387,910,3.5,1094876652
387,911,4.0,1117431126
387,912,5.0,1094876530
387,913,4.5,1123041880
387,915,3.5,1094877857
387,919,3.0,1094877085
387,920,3.0,1094938343
387,922,4.0,1125886206
387,923,4.5,1094849170
387,928,4.0,1122184362
387,930,4.5,1094876584
387,931,4.0,1121915903
387,933,4.0,1094942159
387,940,2.5,1094877263
387,948,3.0,1095119611
387,951,3.5,1117438328
387,952,2.5,1095041918
387,953,2.5,1094938339
387,954,3.0,1094877024
387,965,4.0,1121744363
387,969,3.0,1094877523
387,1019,3.5,1094939717
387,1025,3.0,1095041386
387,1028,2.5,1094877981
387,1032,4.5,1094877648
387,1035,2.0,1095120853
387,1103,4.0,1117431118
387,1104,4.0,1094876737
387,1204,4.0,1094876506
387,1207,3.5,1094876849
387,1212,5.0,1094876316
387,1219,4.5,1121052530
387,1226,3.0,1117431548
387,1237,5.0,1094875355
387,1248,4.5,1117437613
387,1250,4.0,1095040745
387,1251,4.5,1094875367
387,1254,4.0,1094876957
387,1256,4.0,1094876532
387,1260,4.0,1117354897
387,1262,3.5,1094876643
387,1267,3.5,1094876435
387,1282,4.0,1094877252
387,1284,3.5,1094876528
387,1287,3.5,1094877526
387,1333,3.5,1094877349
387,1344,4.0,1117415411
387,1572,3.5,1185777484
387,1929,4.0,1095118479
387,1945,4.5,1095489624
387,1947,2.5,1094877841
387,2010,4.0,1117354925
387,2019,4.5,1094876098
387,2067,4.0,1094877909
387,2136,2.5,1125807817
387,2183,4.0,1094876866
387,2186,3.0,1094876484
387,2206,3.5,1094940507
387,2208,4.0,1121829436
387,2488,3.5,1128751281
387,2550,4.0,1117356735
387,2632,4.0,1198912555
387,2644,3.5,1140252399
387,2664,4.0,1118463101
387,2726,3.0,1153984044
387,2728,3.5,1094876693
387,2729,4.0,1117437991
387,2731,4.5,1123124570
387,2784,3.5,1162364608
387,2905,4.5,1122521710
387,2946,3.5,1094877486
387,2947,4.0,1094876855
387,2948,3.5,1094877484
387,2949,4.0,1094877281
387,2951,3.5,1094876463
387,2993,3.5,1094877924
387,3030,4.5,1122431406
387,3038,3.5,1131772178
387,3075,3.0,1155747059
387,3088,3.0,1094876993
387,3089,4.5,1117437601
387,3134,4.0,1094876967
387,3334,4.0,1094877041
387,3350,3.5,1117438438
387,3461,3.0,1094877628
387,3627,3.5,1184481303
387,3632,3.0,1094877137
387,3681,4.0,1165128340
387,3742,3.5,1094877393
387,4278,3.5,1094877469
387,4298,4.5,1117430622
387,4359,3.5,1094876666
387,4399,4.0,1117355498
387,4403,3.0,1162364596
387,4426,3.0,1152433944
387,4429,4.0,1094941224
387,4687,3.5,1145685618
387,4799,2.5,1117431238
387,4914,4.0,1117354819
387,5147,4.5,1121052400
387,5291,3.5,1174198365
387,5333,3.0,1176013745
387,5397,1.5,1125807778
387,5497,3.5,1137922582
387,5974,3.0,1094877310
387,6035,4.0,1121574229
387,6405,3.5,1095122075
387,6433,3.0,1094877446
387,6461,3.0,1094875912
387,6662,4.0,1094876891
387,6669,3.5,1199100880
387,6777,3.0,1094877409
387,6783,4.0,1094876963
387,6918,3.5,1117430922
387,6981,3.5,1155833068
387,6985,4.0,1179640380
387,7013,4.0,1094875901
387,7088,4.0,1094877241
387,7091,3.5,1154595046
387,7116,3.5,1137405126
387,7132,4.0,1154579289
387,7206,4.0,1117355772
387,7209,4.0,1117355806
387,7234,4.5,1117355114
387,7301,3.5,1156129267
387,7333,4.0,1145250934
387,7386,3.0,1117431183
387,7394,2.5,1095311037
387,7581,3.0,1095121085
387,7700,4.0,1119161794
387,7706,4.0,1094875908
387,7748,3.0,1204968322
387,7766,4.0,1176094009
387,7820,4.0,1177826023
387,7925,4.0,1122093063
387,7937,4.0,1166425644
387,7938,3.5,1160979635
387,7939,4.5,1160898694
387,7993,2.5,1188367796
387,8154,4.0,1117355191
387,8188,3.5,1204067281
387,8195,4.0,1117431704
387,8199,4.0,1187066760
387,8228,4.0,1094876106
387,8239,4.0,1155194252
387,8507,3.0,1117357275
387,8542,3.5,1154594865
387,8670,4.0,1179199985
387,25898,4.0,1155284315
387,25963,4.0,1185170990
387,26002,3.5,1172390168
387,26052,4.0,1196498408
387,26124,2.0,1215848902
387,31590,3.0,1174112613
387,31737,3.5,1205565325
388,1203,1.0,1386694132
388,6662,3.5,1386689475
390,7208,4.0,1250341829
391,199,4.0,1032648830
391,902,5.0,1030945041
391,903,5.0,1030827680
391,904,5.0,1032649224
391,908,5.0,1030824732
391,910,5.0,1032388417
391,912,5.0,1030827662
391,920,5.0,1030945265
391,923,5.0,1030827746
391,930,5.0,1030945141
391,953,5.0,1030827772
391,1028,5.0,1032648645
391,1029,3.0,1030824424
391,1035,5.0,1030824826
391,1104,5.0,1030827952
391,1178,5.0,1030827723
391,1204,5.0,1030825954
391,1219,5.0,1030945710
391,1256,5.0,1032388098
391,1281,5.0,1030945684
391,1282,5.0,1032648504
391,1333,4.0,1032736630
391,1947,4.0,1030945141
391,2019,5.0,1032387258
391,2080,5.0,1032648534
391,2731,4.0,1030827939
391,2947,4.0,1032388314
391,2948,4.0,1032389003
391,2949,3.0,1032389545
391,3030,4.0,1030827888
391,3089,5.0,1030945684
391,4178,4.0,1032388112
391,4278,5.0,1032389993
391,4298,5.0,1030827772
391,4914,5.0,1030945041
391,5470,4.0,1030824733
395,596,3.0,841504867
395,1022,3.0,841505441
395,1024,3.0,841505090
395,1025,3.0,841505365
395,1032,1.0,841505546
396,903,4.5,1111688481
397,1104,4.5,1181966593
397,5291,4.0,1181967285
397,8228,4.0,1181967363
398,902,5.0,1311207274
398,910,5.0,1311208658
398,914,5.0,1311207286
398,1028,5.0,1311207219
398,1207,5.0,1311207986
398,5291,2.5,1311531312
398,8738,5.0,1311207555
398,26147,5.0,1311207980
399,1262,3.5,1167222111
405,680,4.5,1295916120
405,6023,4.0,1295916788
405,7013,4.5,1300894109
405,25771,4.0,1295911620
406,1022,3.5,1296959224
406,1282,1.5,1296959178
409,910,5.0,968978852
409,912,4.0,969059617
409,919,5.0,969060011
409,934,2.0,968978942
409,1219,4.0,969072061
409,1256,4.0,968979010
409,3468,4.0,969059617
410,670,5.0,990807582
410,903,5.0,990728229
410,904,5.0,990728692
410,908,4.0,990728986
410,912,4.0,990729022
410,913,4.0,990909374
410,915,4.0,990728374
410,916,5.0,990909576
410,922,5.0,990909227
410,923,5.0,990729022
410,942,5.0,990909349
410,955,4.0,990909576
410,1085,4.0,990728473
410,1207,4.0,990729062
410,1237,5.0,990729085
410,1248,4.0,990909227
410,1251,4.0,990729062
410,1260,5.0,990909349
410,1267,4.0,990909349
410,2176,5.0,990728353
410,2184,5.0,990728374
410,2186,5.0,990909227
410,2351,5.0,990807554
410,2731,4.0,990729023
410,3088,4.0,990909725
410,3089,4.0,990729085
410,3134,5.0,990729062
410,3224,5.0,990728986
410,3334,4.0,990807727
410,3468,5.0,990807791
410,3928,5.0,990910239
410,4278,4.0,990728405
410,6460,5.0,990807614
412,898,5.0,939114116
412,903,4.0,939115095
412,904,5.0,939114573
412,908,5.0,939114573
412,909,3.0,939114397
412,910,4.0,939114231
412,913,5.0,939115095
412,915,3.0,939114354
412,930,4.0,939136951
412,933,5.0,939114438
412,936,5.0,939114354
412,950,5.0,939115121
412,951,5.0,939114304
412,1219,4.0,939114647
412,1269,5.0,939114231
412,1284,5.0,939115095
412,2398,4.0,939137021
412,2935,5.0,939114177
413,1207,5.0,1484439771
414,594,4.0,961518937
414,596,4.0,961518975
414,899,5.0,961513654
414,900,4.0,961513901
414,902,4.0,961517591
414,903,5.0,1011105064
414,904,5.0,1011105029
414,908,4.0,961516776
414,909,4.0,961516716
414,910,5.0,961595311
414,912,5.0,961512311
414,913,4.0,961436823
414,915,4.0,961513948
414,916,5.0,961513654
414,919,4.0,961516737
414,923,5.0,961516613
414,933,4.0,1026224159
414,950,2.5,1079901608
414,951,4.0,1485656836
414,953,5.0,1010675893
414,969,4.0,961512442
414,973,4.0,961517193
414,1012,4.0,961517193
414,1013,3.0,961518330
414,1014,3.0,961596448
414,1016,3.0,961596154
414,1022,4.0,961518975
414,1024,4.0,961518975
414,1025,4.0,961519060
414,1028,4.0,961595525
414,1029,4.0,961519005
414,1032,4.0,961518975
414,1035,5.0,961681635
414,1103,5.0,961516939
414,1104,4.0,961517073
414,1178,4.0,1025108482
414,1204,5.0,961512311
414,1207,5.0,1039531135
414,1250,5.0,961512341
414,1262,5.0,961512341
414,1267,4.0,1047259408
414,1282,5.0,1025108900
414,1344,3.5,1073681875
414,1944,4.0,961512442
414,1945,4.0,1095882980
414,1947,4.0,961513923
414,2010,4.0,961514698
414,2015,3.0,961595866
414,2018,4.0,961518975
414,2019,5.0,1519593885
414,2067,4.0,961512475
414,2080,4.0,961513862
414,2085,4.0,961519005
414,2087,5.0,961519005
414,2096,4.0,961518975
414,2182,3.5,1073862793
414,2398,4.0,961517253
414,2430,2.0,1026225706
414,2726,4.0,1033149116
414,2940,4.0,1039531168
414,2947,3.0,961515597
414,2948,3.0,961515643
414,2949,3.0,961515684
414,2951,4.0,961513402
414,3365,4.0,961513402
414,3461,3.0,961437472
414,3599,4.0,961681635
414,3606,5.0,961436932
414,3654,4.0,965742446
414,3675,4.0,961681553
414,4327,4.0,992878211
414,4329,4.0,992878211
414,4359,4.0,992878211
414,4954,4.0,1008691042
414,5291,4.0,1074004712
414,5644,2.5,1168281459
414,25834,4.0,1246413878
415,903,4.0,1382470095
415,904,4.5,1382470197
415,908,5.0,1382470195
415,909,4.5,1382470181
415,922,4.5,1382469976
415,928,4.5,1382470168
415,930,4.0,1382470019
415,971,4.5,1382469873
415,1203,4.5,1382470207
415,2186,4.0,1382470086
415,3468,4.5,1382470192
416,1219,4.0,1187497552
418,1207,5.0,1461868702
418,1219,4.5,1461865939
419,1262,4.0,1321855025
420,899,5.0,1218040266
420,910,5.0,1218040269
420,923,3.5,1218041914
420,1203,4.0,1218037390
420,1281,4.0,1218036912
420,1927,3.5,1218040907
420,2186,4.0,1218039981
420,3307,4.0,1218041883
420,3462,3.5,1218041896
420,3559,4.0,1218036938
420,7700,4.0,1218041242
420,8337,4.0,1218037243
421,904,4.0,1311495212
421,909,4.0,1311494146
421,912,4.0,1311494770
421,953,5.0,1311494608
421,1099,4.0,1311494331
421,1178,4.5,1311495271
421,1203,4.5,1311494567
421,1207,4.5,1311495223
421,1287,4.5,1311494656
421,2398,3.5,1311494139
421,3461,3.5,1311494257
421,5008,4.5,1311494456
421,6777,4.5,1311495320
422,903,3.0,986173387
422,904,3.0,989716114
422,912,4.0,989715981
422,922,5.0,986173215
422,923,4.0,986173215
422,1250,4.0,995235719
422,1283,4.0,986173244
422,2665,1.0,986172053
422,2669,4.0,1010279707
422,2670,3.0,1010279788
422,2728,5.0,986173307
422,3095,4.0,995235768
422,3365,4.0,986173413
422,3447,4.0,986173047
422,3468,4.0,986173244
422,4187,4.0,986172401
422,4190,4.0,986172401
422,4802,4.0,1004470123
422,5063,3.0,1010279072
424,1207,3.5,1457845211
424,1219,4.0,1457902433
426,1035,5.0,1451187517
427,920,4.0,1053068809
428,919,3.5,1111525120
428,1333,3.5,1111523542
428,2010,2.5,1111523535
428,2947,3.0,1111523497
428,2949,3.0,1111524416
430,923,5.0,963545726
431,903,3.0,1267051825
432,912,5.0,1316391691
432,2018,3.5,1315242295
432,2080,3.0,1315242214
436,594,4.0,833530707
436,596,4.0,833531134
437,1204,5.0,859721463
437,1250,4.0,859721495
438,594,4.0,1105911897
438,899,4.0,1105829795
438,1022,4.0,1105667308
438,1267,5.0,1105649963
438,1287,5.0,1105667231
441,4402,5.0,1449070618
445,899,3.0,1454622110
445,910,3.5,1454622112
446,594,4.0,843839522
447,594,4.0,836961903
448,594,4.0,1019126687
448,596,4.0,1019126674
448,912,4.5,1113129247
448,919,4.0,1019125217
448,923,4.5,1459083402
448,941,4.0,1092830001
448,952,4.5,1127643381
448,1017,3.0,1019125340
448,1019,3.0,1028110632
448,1022,4.0,1019126704
448,1028,5.0,1019126866
448,1032,4.0,1019126843
448,1035,4.0,1019140874
448,1083,4.0,1019128060
448,1250,5.0,1019132735
448,1256,5.0,1019127163
448,1262,5.0,1019125205
448,1283,4.0,1019133301
448,2018,4.0,1019126704
448,2019,5.0,1019132771
448,2087,4.0,1019126704
448,2366,5.0,1019124231
448,2947,4.5,1091450131
448,2948,4.5,1091351489
448,2949,4.0,1091351325
448,2951,5.0,1019124231
448,2993,4.5,1091450158
448,3030,5.0,1019124045
448,3681,5.0,1019125154
448,3833,1.0,1035119788
448,3933,0.5,1191614594
448,4051,0.5,1263237066
448,4327,5.0,1019133301
448,4339,4.0,1019665475
448,4799,5.0,1019127444
448,5099,3.0,1019126914
448,6302,1.0,1054455977
448,6514,0.5,1262200449
448,6662,4.0,1064154376
448,7091,4.5,1074423252
448,7132,5.0,1143894362
448,7245,1.0,1263060377
448,7706,4.5,1097752197
448,7757,4.0,1168120709
448,8136,0.5,1262267722
448,8137,0.5,1221415770
448,8138,0.5,1101557729
448,8447,1.0,1087150729
448,8542,5.0,1087571380
448,26133,3.5,1224340974
448,34018,3.0,1171203494
448,37211,3.0,1171203485
448,49688,4.0,1226505232
448,125221,0.5,1492366231
448,151745,0.5,1492286246
449,1262,4.0,1053200135
450,908,4.0,974704945
450,1035,4.0,974704982
450,3404,4.0,974704498
450,3959,4.0,974705022
452,1219,4.0,1013396622
452,2648,4.0,1013397891
452,2947,4.0,1013394784
452,2949,4.0,1013394799
453,912,3.0,1005965667
454,904,5.0,1284801956
454,1219,4.5,1279547312
454,6629,3.5,1279478860
454,7116,5.0,1279477721
457,919,4.0,993610398
460,2747,3.0,1359176295
462,904,4.0,1123891840
462,908,4.0,1121921162
462,910,3.5,1121921373
462,912,4.0,1123891831
462,919,4.0,1154037891
462,923,4.5,1121921147
462,926,3.5,1238456326
462,953,4.0,1121921378
462,1219,4.5,1190437201
462,1248,4.0,1123891805
462,1256,3.0,1123890899
462,1267,4.5,1121921727
462,1283,4.5,1123891899
462,1287,4.0,1130433674
462,1344,3.5,1123893723
462,2019,3.5,1123891108
462,2186,4.0,1122186815
462,2351,4.0,1293374508
462,3038,4.5,1265661646
462,3089,4.5,1293374067
462,3462,3.5,1123893781
462,3467,3.5,1163121634
462,3468,5.0,1214003734
462,4432,4.0,1233040324
462,6064,4.0,1293374024
462,6611,5.0,1293373913
462,7013,3.0,1199339136
462,7132,3.5,1122186770
462,7181,3.5,1138425637
462,8507,3.0,1123893326
462,8620,2.5,1293374287
462,8848,3.0,1174690660
462,25788,3.5,1293374051
463,2019,4.0,1145460514
464,2019,3.5,1287403857
465,904,5.0,959895941
465,908,5.0,959895962
465,912,5.0,959896479
465,930,5.0,959895840
465,933,5.0,959896051
465,969,5.0,959896591
465,1219,5.0,959895907
465,1256,4.0,959896573
465,1267,5.0,959895821
465,1269,5.0,959896090
465,1344,5.0,959895860
465,1944,4.0,959896532
465,2067,5.0,959896608
465,2176,4.0,959896120
465,2941,4.0,959896608
465,2951,4.0,959895496
465,3334,5.0,959895860
465,3654,4.0,959895645
465,3681,4.0,959895645
469,898,4.0,965336845
469,899,3.0,965662154
469,903,5.0,965662104
469,904,5.0,965662034
469,908,5.0,965662055
469,909,5.0,965425327
469,910,3.0,965336611
469,912,5.0,965661904
469,913,3.0,965335241
469,919,4.0,965662075
469,920,3.0,965662034
469,923,5.0,965661809
469,926,4.0,965662034
469,928,3.0,965662034
469,930,4.0,965335241
469,933,4.0,965425407
469,944,4.0,965846425
469,955,3.0,965336955
469,1028,4.0,965336236
469,1086,4.0,965846225
469,1104,5.0,965661904
469,1178,5.0,965661977
469,1204,4.0,965661836
469,1207,4.0,965661977
469,1212,5.0,965661904
469,1219,4.0,965661925
469,1237,4.0,965661866
469,1248,5.0,965335241
469,1250,4.0,965846252
469,1253,3.0,965335350
469,1254,3.0,965661836
469,1260,4.0,965336611
469,1262,5.0,965661983
469,1267,5.0,965335241
469,1269,4.0,965425407
469,1287,5.0,965333710
469,1301,2.0,965335350
469,1333,5.0,965846506
469,1924,4.0,965335812
469,1934,5.0,965425547
469,1945,5.0,965662104
469,2010,3.0,965335315
469,2181,3.0,965336345
469,2186,5.0,965335217
469,2202,5.0,965846333
469,2203,5.0,965661904
469,2204,4.0,965846099
469,2366,3.0,965333710
469,2454,3.0,965335769
469,2550,5.0,965846321
469,2660,3.0,965335315
469,2662,3.0,965335401
469,2664,3.0,965846077
469,2726,4.0,965335217
469,2729,4.0,965846493
469,2731,4.0,965846146
469,2947,4.0,965333750
469,2948,3.0,965333863
469,2949,3.0,965333750
469,2951,4.0,965333899
469,2993,3.0,965334150
469,3022,5.0,965425244
469,3095,4.0,965661866
469,3405,3.0,965333831
469,3462,4.0,965336955
469,3469,4.0,965845925
469,3681,5.0,965662177
469,3801,4.0,965336202
469,3832,4.0,965336407
469,6460,5.0,965662177
473,2136,1.0,1169351319
474,199,4.5,1107193580
474,594,3.0,983032069
474,596,2.0,1047055015
474,668,3.5,1118667178
474,670,4.5,1119537246
474,898,4.0,1077028750
474,899,4.0,1083589280
474,900,3.5,1079963736
474,901,2.0,1046887555
474,902,3.5,1053021014
474,903,4.5,1055190127
474,904,4.0,983032310
474,905,5.0,978575711
474,906,5.0,983032159
474,907,3.0,1074607299
474,908,3.5,1089386974
474,909,4.0,1046809068
474,910,4.0,1076347375
474,911,3.5,1100292182
474,912,5.0,983032184
474,913,4.0,1077546574
474,914,4.5,1089386238
474,915,4.0,983032398
474,916,4.0,978575711
474,918,3.5,1087831778
474,919,4.5,1100291792
474,920,2.0,1047054549
474,922,4.0,1055439689
474,923,4.5,1100119549
474,926,4.5,1116517487
474,927,4.0,1100119644
474,928,5.0,983032159
474,929,3.5,1140441870
474,930,4.0,983032159
474,931,3.5,1129579344
474,932,1.5,1087832898
474,933,3.5,1089386265
474,934,3.0,1060606681
474,935,2.5,1077286719
474,936,4.0,1137521219
474,938,2.5,1089387375
474,940,3.5,1120355738
474,941,3.5,1091456369
474,943,3.5,1088426742
474,944,4.0,1087217719
474,945,4.5,1100119798
474,947,3.5,1137521088
474,948,4.0,1087831540
474,949,3.5,1201833294
474,950,4.0,1143998585
474,951,4.5,1100119780
474,952,3.0,1089386622
474,953,3.5,1100292234
474,954,4.5,1053020968
474,955,4.0,1087831602
474,956,4.0,1101737024
474,959,3.5,1140047517
474,965,4.0,1130961711
474,969,5.0,983032364
474,970,3.5,1096471043
474,971,3.5,1087831992
474,973,3.5,1084982148
474,976,3.0,1100269624
474,982,3.0,1060009150
474,1013,3.0,1047054662
474,1016,3.0,983032520
474,1018,2.0,1047043613
474,1022,4.0,1047054285
474,1025,3.0,983032763
474,1028,3.0,978575945
474,1029,3.0,983032230
474,1032,2.0,1047054796
474,1035,5.0,974666694
474,1066,4.0,1087832326
474,1068,3.5,1106231071
474,1083,2.0,1047043404
474,1086,4.0,1142821723
474,1099,3.5,1189991062
474,1103,4.0,1002928717
474,1104,4.0,983032344
474,1178,3.5,1137521161
474,1203,4.0,1047054271
474,1204,4.0,1126284508
474,1207,4.0,1134343855
474,1212,4.0,1143683482
474,1219,4.5,1089386307
474,1226,2.0,1046875412
474,1237,2.5,1053021721
474,1248,3.5,1137521255
474,1250,4.0,1082983320
474,1253,4.0,1047054300
474,1254,4.5,1077546613
474,1256,2.5,1111412860
474,1260,4.0,1090241152
474,1262,4.0,1078151740
474,1267,4.0,1082256467
474,1269,3.5,1111412874
474,1281,4.0,1080568455
474,1282,3.0,975172919
474,1283,3.5,1073272889
474,1284,3.5,1107193636
474,1301,3.5,1108868138
474,1333,4.5,1090873560
474,1340,3.5,1189991056
474,1344,4.5,1100119817
474,1926,3.0,1078151726
474,1927,3.5,1107875275
474,1928,3.5,1074607329
474,1931,4.0,1098710014
474,1932,3.5,1095191507
474,1933,3.0,1100291823
474,1934,3.5,1137521029
474,1936,3.0,983032184
474,1937,3.5,1103640114
474,1938,4.0,1106231062
474,1939,3.5,1081177682
474,1940,4.0,1100119605
474,1941,3.0,1100291818
474,1942,3.5,1165539986
474,1944,3.0,1048989180
474,1945,4.0,1100119625
474,1946,3.5,1087831848
474,1947,5.0,983032675
474,2010,3.5,1103640167
474,2018,3.0,983032248
474,2019,4.0,1058290375
474,2066,4.0,1137521317
474,2067,3.5,1053021624
474,2080,4.0,978575802
474,2085,4.0,983032739
474,2087,3.0,983032444
474,2099,3.0,1046886643
474,2176,3.5,1097034377
474,2181,3.5,1100291830
474,2182,4.0,1142821732
474,2183,3.5,1079963729
474,2184,3.5,1084798863
474,2185,4.0,1142821709
474,2186,4.5,1087831510
474,2187,3.5,1140467418
474,2201,3.0,1053348121
474,2202,4.5,1053020913
474,2203,4.0,1083073394
474,2204,3.5,1140034786
474,2205,3.0,1089386693
474,2206,4.5,1100119901
474,2208,4.0,1053020865
474,2210,3.5,1125600675
474,2211,3.0,1116386398
474,2212,3.0,1129579293
474,2227,3.5,1125600660
474,2398,3.5,1081177909
474,2550,4.0,1046979004
474,2553,3.5,1069682754
474,2554,3.5,1100292516
474,2565,5.0,983032381
474,2612,4.0,1089386149
474,2634,3.0,1066055050
474,2644,3.5,1090873601
474,2648,3.5,1189991079
474,2652,3.0,1065531558
474,2660,3.5,1137521191
474,2664,4.0,1107271718
474,2670,3.0,1069684735
474,2726,4.5,1090241137
474,2728,4.0,1137520886
474,2729,3.5,1089386414
474,2847,3.0,1088426723
474,2863,4.0,1089386751
474,2927,4.0,1116853579
474,2935,4.0,1100291886
474,2936,3.5,1053021663
474,2937,4.5,1112018926
474,2940,4.0,1129579471
474,2941,4.0,1120573197
474,2947,3.0,1189991295
474,2951,3.0,1087832093
474,2967,4.0,1090937488
474,3022,3.5,1089386406
474,3030,4.0,1091456379
474,3035,3.0,1087832279
474,3038,4.0,1189990819
474,3061,3.0,1060176362
474,3076,3.0,1087832134
474,3088,3.0,978575778
474,3095,4.5,1082380938
474,3097,4.0,988580233
474,3134,3.0,1113172409
474,3153,3.5,1105649514
474,3196,3.5,1053348131
474,3217,3.5,1084452522
474,3306,4.5,1100119916
474,3307,4.5,1089386442
474,3330,4.0,1046809336
474,3334,3.0,1122395715
474,3341,4.0,1098104401
474,3350,4.0,1189990926
474,3364,3.5,1137521152
474,3365,3.5,1127688921
474,3368,3.5,1087908127
474,3435,4.0,1137520870
474,3447,4.0,1074607306
474,3461,4.0,1094562821
474,3462,4.5,1089386468
474,3467,3.5,1139940114
474,3468,3.5,1137521002
474,3469,2.5,1124123495
474,3475,4.0,1102081377
474,3516,3.5,1100291562
474,3546,4.0,994819424
474,3548,4.5,1087831518
474,3549,5.0,1004131501
474,3599,3.5,1084798873
474,3606,3.5,1087831916
474,3629,4.0,1093465932
474,3632,4.0,1238350354
474,3675,4.5,1081177333
474,3681,3.5,1114700924
474,3739,3.5,1137521380
474,3789,3.5,1107193651
474,3801,4.0,1123505456
474,3849,4.0,1107444848
474,3870,3.0,1062387901
474,3871,3.5,1089638196
474,3873,3.0,1093267582
474,3928,3.5,1100291917
474,3929,3.0,1106057680
474,3932,4.0,1090595309
474,3959,3.0,1089386772
474,3963,3.5,1108389728
474,3965,3.5,1087217711
474,3966,3.5,1080568482
474,4046,4.0,1122323382
474,4184,4.0,1124306259
474,4187,3.5,1139941339
474,4189,2.5,1082256503
474,4190,4.0,1137520911
474,4263,4.0,1126038260
474,4327,3.5,1081177658
474,4356,3.0,1165540056
474,4359,4.0,1093524784
474,4419,3.5,1053021669
474,4432,3.5,1096894438
474,4433,3.5,1059056973
474,4704,3.0,1075729849
474,4795,3.0,1060606673
474,4796,3.5,1087831961
474,4798,3.5,1074607356
474,4799,1.5,1068472788
474,4801,4.0,1002756963
474,4802,3.0,1087832148
474,4804,3.5,1132423204
474,4914,3.5,1053021416
474,4920,4.0,1007320649
474,4921,3.5,1064007619
474,4969,3.5,1181348156
474,4970,4.0,1061384234
474,4998,3.5,1139102575
474,5007,2.5,1087832547
474,5008,4.0,1061297547
474,5114,4.0,1063110654
474,5116,3.5,1066308606
474,5147,3.0,1132415695
474,5168,3.0,1061832680
474,5177,3.0,1100292027
474,5231,3.5,1092012081
474,5291,4.0,1165539866
474,5375,3.0,1089387323
474,5384,3.0,1100292023
474,5397,3.5,1112018895
474,5398,4.0,1080055004
474,5434,3.5,1055769594
474,5440,3.0,1087217699
474,5470,4.5,1053020964
474,5601,4.0,1073917632
474,5602,3.5,1100291617
474,5603,4.0,1108868174
474,5604,3.5,1124983772
474,5644,4.0,1063631056
474,5649,3.0,1066136293
474,5799,3.5,1100120041
474,5802,4.0,1093142477
474,5826,3.5,1079359153
474,5836,2.0,1046887417
474,5899,3.0,1137442523
474,5963,3.5,1081177536
474,6020,3.5,1100292449
474,6031,4.0,1123505014
474,6178,4.0,1077028739
474,6181,4.0,1098104447
474,6183,4.0,1061160987
474,6225,3.0,1074607366
474,6228,4.0,1201833268
474,6254,4.5,1091795922
474,6273,3.5,1137521015
474,6357,3.0,1066654690
474,6390,3.5,1064172069
474,6412,3.5,1189990914
474,6422,4.0,1062387935
474,6433,2.0,1097553786
474,6434,3.0,1086016625
474,6477,3.0,1100292086
474,6515,4.5,1111412832
474,6527,3.0,1089204064
474,6579,3.5,1097601404
474,6603,2.5,1087832522
474,6609,3.5,1107784415
474,6650,4.0,1118006516
474,6660,3.5,1089386579
474,6662,2.5,1070286905
474,6669,4.0,1117827654
474,6777,3.0,1064171891
474,6785,4.5,1100291681
474,6837,3.0,1103636757
474,6856,4.0,1064841971
474,6911,3.5,1067266116
474,6912,3.5,1110202926
474,6918,4.0,1119012499
474,6970,3.5,1139941344
474,6981,4.0,1095773445
474,6982,3.5,1238350176
474,6984,4.0,1087827048
474,6985,4.5,1094562965
474,7013,4.5,1070286782
474,7049,3.0,1070286678
474,7050,3.5,1070286680
474,7052,3.0,1070286695
474,7053,4.0,1070286716
474,7054,3.5,1070286693
474,7055,4.0,1129579320
474,7057,3.5,1070286698
474,7058,3.5,1081177586
474,7059,4.0,1070286701
474,7061,4.0,1099923507
474,7062,4.0,1083589271
474,7064,4.0,1192327046
474,7070,4.0,1100962975
474,7073,2.5,1091124339
474,7075,3.5,1101737037
474,7078,2.5,1087832377
474,7079,2.5,1089063250
474,7080,3.5,1082311136
474,7082,3.5,1070286728
474,7085,3.5,1070286718
474,7086,3.5,1238350378
474,7092,3.5,1081177530
474,7116,3.5,1090873564
474,7121,5.0,1070286605
474,7132,3.5,1138039740
474,7208,3.5,1099315939
474,7211,3.5,1073255487
474,7212,4.0,1073255475
474,7215,3.5,1073255495
474,7216,3.5,1073255470
474,7217,4.0,1137521618
474,7219,4.0,1093142418
474,7223,2.5,1073255459
474,7234,4.5,1111412815
474,7301,3.5,1137521414
474,7303,3.5,1103811444
474,7311,3.5,1075729950
474,7357,3.5,1107873097
474,7386,3.5,1081172884
474,7479,4.0,1083589595
474,7493,4.0,1083589553
474,7560,4.0,1238350542
474,7579,3.5,1083675425
474,7581,3.5,1093878427
474,7584,4.0,1126708309
474,7614,4.0,1083675371
474,7619,4.0,1086016648
474,7700,4.0,1201833260
474,7702,3.5,1087831882
474,7705,4.0,1137521632
474,7713,4.0,1100292118
474,7728,4.0,1083765473
474,7757,3.0,1084798828
474,7766,4.0,1083761520
474,7772,3.5,1100292158
474,7822,3.0,1084279238
474,7826,3.5,1084279234
474,7831,3.5,1144111831
474,7832,3.5,1144882753
474,7833,3.5,1144882783
474,7834,4.0,1144882766
474,7835,3.5,1144882786
474,7839,3.5,1084279177
474,7840,3.0,1089638217
474,7883,3.5,1100291707
474,7896,3.5,1094562833
474,7944,3.0,1086785434
474,8008,3.5,1084538629
474,8044,3.5,1100291706
474,8057,3.0,1087832210
474,8094,3.5,1139102246
474,8125,4.0,1140403914
474,8153,2.5,1084884338
474,8154,2.5,1087832488
474,8167,4.0,1093267599
474,8228,4.0,1085403562
474,8232,3.5,1085403561
474,8275,3.5,1181348018
474,8302,3.5,1085749102
474,8331,4.0,1201833049
474,8336,3.5,1111412902
474,8337,4.0,1113829306
474,8338,4.0,1112282473
474,8341,3.5,1138486443
474,8385,3.0,1115044114
474,8410,3.5,1097034394
474,8424,4.0,1100292121
474,8446,2.5,1087832464
474,8450,3.0,1086098891
474,8451,3.5,1086098889
474,8458,3.5,1086098722
474,8459,3.5,1086098720
474,8461,3.5,1086098718
474,8462,3.0,1086098715
474,8463,4.0,1086103054
474,8465,3.5,1106503412
474,8481,3.0,1086191946
474,8482,3.5,1086191943
474,8487,3.0,1087832241
474,8492,3.5,1086369863
474,8502,3.0,1089386934
474,8507,4.0,1086613169
474,8518,3.5,1086871736
474,8521,3.5,1099315938
474,8542,3.5,1102341207
474,8600,3.5,1137521591
474,8611,3.5,1087995301
474,8617,3.0,1088167496
474,8650,3.5,1108868108
474,8684,3.5,1238350150
474,8695,2.5,1089638396
474,8711,3.0,1089638385
474,8712,3.0,1089638383
474,8714,2.5,1089638381
474,8771,3.0,1120662150
474,8773,3.0,1120662162
474,8774,3.5,1120573208
474,8778,3.5,1120573217
474,8875,4.0,1095092244
474,8920,3.5,1238350317
474,8921,3.5,1097508640
474,8989,3.5,1142189171
474,25752,4.0,1238350219
474,25757,4.0,1165540242
474,25769,4.5,1144882713
474,25795,3.5,1141933763
474,25825,4.5,1137008654
474,25826,3.5,1238350231
474,25827,3.5,1112304675
474,25841,4.0,1112298909
474,25850,4.0,1165540134
474,25856,3.0,1124651627
474,25865,4.0,1201833271
474,25870,3.5,1165539840
474,25886,4.5,1112304690
474,25898,4.0,1141933603
474,25927,3.0,1128097743
474,25937,3.5,1141933765
474,25940,3.5,1137521287
474,25952,4.0,1201833252
474,25962,3.0,1189991147
474,25996,3.5,1141933708
474,25999,3.5,1141933637
474,26084,3.5,1112632629
474,26116,4.0,1192327127
474,26133,4.5,1238350226
474,31030,4.0,1107444837
474,31116,4.0,1165540252
474,31260,3.5,1189990579
474,33781,3.5,1189990636
474,50740,4.0,1238350244
476,594,4.0,835021778
476,596,5.0,835021800
477,594,3.0,1200940039
477,903,3.5,1200940556
477,904,3.5,1200939390
477,905,4.0,1200949117
477,908,4.0,1200941111
477,910,3.5,1200949130
477,913,3.0,1200940509
477,919,3.5,1200939942
477,922,4.5,1245030056
477,923,4.0,1200940534
477,1103,3.5,1200939279
477,1203,4.0,1200940079
477,1204,4.0,1200940521
477,1207,4.0,1200940973
477,1219,4.0,1200940546
477,1253,4.0,1200940780
477,1283,3.0,1200946901
477,1333,4.0,1200941567
477,1927,4.0,1201023023
477,1945,4.0,1200943141
477,1947,2.0,1201159382
477,2010,3.5,1200940623
477,2019,4.5,1200939375
477,2085,4.0,1200942046
477,2208,4.0,1269832265
477,2287,3.5,1201195861
477,2664,4.0,1200946747
477,3134,4.0,1200940104
477,3462,4.0,1200940482
477,5291,4.5,1200939343
477,7335,4.0,1244789352
477,8126,3.5,1244789349
477,8228,3.0,1200943091
478,594,3.5,1121467296
479,899,4.0,1039361316
479,904,5.0,1039362207
479,910,5.0,1039362276
479,915,5.0,1039367642
479,919,5.0,1039362544
479,973,4.0,1039362729
479,1025,3.0,1039362787
479,1029,4.0,1039362276
479,1936,5.0,1039362575
479,2017,3.0,1039362144
479,2080,4.0,1039362593
479,2085,4.0,1039362482
479,2362,4.0,1039361336
479,2454,3.0,1039367332
479,3404,2.0,1039367502
479,3873,3.0,1039367658
479,5651,3.0,1039362123
480,594,3.5,1179178970
480,919,5.0,1179177957
480,923,5.0,1179160094
480,953,4.0,1179162441
480,954,4.5,1179179186
480,1028,4.5,1179178910
480,1103,4.0,1179159650
480,1203,5.0,1179160046
480,1207,4.0,1179160281
480,1256,4.0,1179159640
480,1282,3.5,1182448353
480,2018,3.5,1179160739
480,2080,3.5,1179178919
480,2085,3.5,1179159577
480,2664,3.0,1179162416
480,2728,4.0,1179179199
480,2863,3.0,1179162113
480,2946,3.0,1179162181
480,2947,3.0,1179161981
480,2948,3.0,1179161873
480,4921,3.5,1179162682
483,899,4.0,1327277680
483,902,4.0,1327277608
483,909,5.0,1415578849
483,910,4.5,1204472972
483,912,4.0,1215872942
483,914,4.0,1215895901
483,915,3.5,1215897398
483,919,1.0,1181496661
483,920,1.5,1181496632
483,953,4.0,1178294254
483,1028,4.5,1178294276
483,1029,2.0,1181496771
483,1032,4.0,1215896240
483,1035,3.5,1215895317
483,1203,5.0,1295093310
483,1256,4.0,1178213304
483,1262,5.0,1415579072
483,1287,4.0,1181495379
483,2019,4.5,1178292908
483,2087,3.5,1215896437
483,2136,2.5,1178293280
483,2728,4.0,1215897434
483,2948,3.5,1215896432
483,2951,4.5,1415574429
483,3076,4.5,1204472960
483,4356,3.5,1178293052
483,7132,4.5,1178211538
483,7757,4.0,1215872103
483,26082,4.5,1181494321
483,31617,3.0,1204277799
484,594,5.0,1342299220
484,596,5.0,1342299287
484,904,2.5,1342365012
484,919,5.0,1342229153
484,923,4.5,1342228707
484,1022,4.5,1342297643
484,1025,5.0,1342299205
484,1029,5.0,1342297692
484,1032,5.0,1342298041
484,1333,1.0,1342297012
484,2010,3.0,1342364944
484,2018,4.5,1342297927
484,2080,4.5,1342296976
484,2085,4.5,1342297714
484,2087,5.0,1342297890
484,3089,3.0,1342364886
484,3462,3.5,1342228672
484,4914,2.0,1342365051
487,904,4.0,1428574413
488,596,0.5,1112381859
488,898,4.5,1112382463
488,899,5.0,1112382142
488,904,5.0,1112382257
488,910,5.0,1112382266
488,912,4.5,1112382189
488,913,3.5,1112382408
488,914,4.5,1112382276
488,915,3.0,1112382370
488,922,3.0,1112382445
488,953,4.5,1112381850
488,955,4.0,1112382530
488,971,2.5,1112382415
488,1207,5.0,1112382157
488,1269,3.0,1112382220
488,3061,4.0,1112382405
488,3088,5.0,1112382093
488,4178,3.0,1112382702
488,5470,4.5,1112382352
488,7303,4.0,1112382657
488,7619,3.5,1112382358
489,594,3.5,1334170654
489,899,4.5,1333022736
489,900,3.5,1333659149
489,902,5.0,1332706224
489,903,3.5,1334587819
489,904,4.5,1385823606
489,908,3.0,1385823643
489,910,4.5,1332706110
489,912,4.0,1332772997
489,914,5.0,1332706506
489,915,5.0,1332704752
489,918,5.0,1335869001
489,919,4.5,1332773015
489,920,4.0,1332773977
489,923,3.5,1335869037
489,928,2.5,1333023381
489,938,4.5,1335868795
489,949,4.0,1332705805
489,950,4.0,1332705730
489,952,4.5,1333831047
489,953,4.0,1333023344
489,971,5.0,1333659707
489,1028,4.5,1332774291
489,1035,3.5,1332774225
489,1086,3.0,1333233795
489,1204,3.0,1385823809
489,1219,3.5,1334170450
489,1250,2.0,1385823800
489,1253,3.0,1333233169
489,1333,4.0,1334587808
489,1924,4.0,1333659199
489,1944,4.0,1333657208
489,1947,2.5,1333022653
489,2080,3.5,1332704551
489,2947,3.0,1334171053
489,3742,4.5,1333831394
489,4356,4.0,1333832175
489,73501,3.5,1333832590
489,84553,4.0,1333830894
489,89939,4.5,1333233125
490,1251,4.5,1334940434
490,2136,1.0,1328145544
490,6669,4.5,1334940477
493,2019,4.0,1001562662
493,2366,2.0,1001562846
493,2948,3.0,1001562930
494,1204,3.0,1000384075
496,904,5.0,1415166605
496,912,4.5,1415166610
496,7757,4.0,1415166184
497,904,3.0,1429127323
497,908,3.0,1429127355
499,1924,3.0,1289959992
499,2183,3.0,1289960007
499,2644,2.5,1289960027
499,3681,5.0,1289960434
499,4327,4.0,1289960484
500,594,3.0,1005528236
500,1029,3.0,1005528355
500,1282,5.0,1005528236
500,2018,3.0,1005528301
500,2102,2.0,1005528355
502,596,4.5,1111757243
502,903,3.5,1111757298
502,953,1.5,1111757227
502,1250,5.0,1111757276
502,3469,5.0,1111757484
503,1203,4.0,1335219050
503,1207,4.0,1335219072
503,3095,3.5,1335214570
503,3461,4.0,1335214748
505,1022,4.0,1298779438
505,1029,5.0,1298779440
505,2087,4.5,1298779506
505,3461,4.0,1298779627
508,898,2.0,1268297515
508,2366,1.5,1268297455
509,594,3.0,1435992651
509,596,2.5,1436000088
509,912,3.0,1435993017
509,1022,3.0,1435997868
509,1025,2.5,1436000067
509,1032,3.0,1436000075
509,1281,4.5,1436424238
509,1282,3.5,1435992559
509,2018,3.0,1436000068
509,2080,3.0,1436000059
509,2085,3.0,1436000070
509,2087,3.0,1436000114
509,3307,3.5,1436393194
509,6662,3.5,1436101877
510,926,4.5,1141159343
510,1248,4.5,1141159316
510,1262,4.0,1141160543
510,2935,4.0,1141159548
511,3307,4.5,1450094234
513,920,5.0,1159980400
513,923,4.0,1159980395
514,596,4.0,1533872889
514,919,4.5,1534051777
514,1022,4.0,1533872666
514,1207,4.0,1533948821
514,1301,3.5,1533945992
514,1333,3.5,1534052750
514,1947,2.0,1534051833
514,2087,4.0,1533872830
514,2096,4.0,1533872691
514,2398,5.0,1534095481
514,2454,3.0,1533944890
514,2662,4.0,1533945464
514,3196,4.0,1536377582
514,7891,3.0,1533945835
514,26133,5.0,1535943975
514,73854,4.5,1535944363
516,4429,5.0,994625299
517,594,3.5,1487956860
517,596,3.5,1487956672
517,898,3.0,1487957269
517,899,4.5,1487957169
517,902,4.5,1487957197
517,909,0.5,1487954015
517,910,4.0,1487957563
517,912,4.0,1487957248
517,914,4.5,1487953960
517,916,3.0,1487957530
517,918,4.0,1487957203
517,919,4.5,1487954346
517,920,4.0,1487957162
517,933,1.5,1487958134
517,938,3.0,1487957223
517,945,3.0,1487957546
517,952,3.0,1487956619
517,953,4.5,1487953643
517,955,1.0,1487957331
517,969,1.0,1487958608
517,1025,2.5,1492338876
517,1028,5.0,1487954316
517,1029,4.0,1487954350
517,1032,4.0,1487956863
517,1035,5.0,1487956649
517,1204,2.0,1487953360
517,1207,3.0,1487953348
517,1219,1.0,1487953306
517,1250,0.5,1487958662
517,1262,4.0,1487958689
517,1269,0.5,1487958212
517,1282,5.0,1487956647
517,1284,2.0,1487958126
517,1287,0.5,1487953426
517,1945,1.0,1487958106
517,1947,1.5,1487953989
517,2018,4.0,1487953729
517,2057,2.5,1487956794
517,2067,3.0,1487957282
517,2080,4.0,1487956655
517,2085,4.0,1487956869
517,2087,4.0,1487956866
517,2096,4.0,1487956872
517,2398,4.5,1487956689
517,2565,4.5,1487954421
517,2927,3.0,1492339189
517,2941,3.0,1487957556
517,3061,5.0,1487957307
517,3549,3.0,1487957231
517,3599,1.0,1487957268
517,3606,3.0,1487957567
517,3675,4.5,1487957505
517,4327,1.0,1492339152
517,6662,3.5,1488399600
517,8228,1.5,1487958181
517,8772,0.5,1487958546
517,160422,3.0,1487958624
520,911,4.0,1326687754
520,1250,4.0,1326609872
520,1281,4.5,1326611530
520,1301,4.0,1326611215
520,1924,3.0,1326610830
520,2010,5.0,1326608054
520,2015,3.5,1326611191
520,3462,4.0,1326611438
520,3469,4.0,1326611720
520,4799,3.0,1326688206
520,5008,5.0,1326611416
520,32469,4.5,1326611672
522,954,3.5,1253342846
522,3406,4.0,1282293853
523,594,4.0,1503126413
523,127052,4.0,1503126038
524,912,3.0,851609191
524,913,3.0,851609623
524,923,3.0,851609788
524,969,3.0,851609453
524,1250,4.0,851609597
524,1254,3.0,851609768
524,2019,4.0,851609506
525,594,1.5,1476476724
525,596,1.5,1476480464
525,899,4.5,1476478361
525,902,4.0,1476478682
525,914,4.0,1476478038
525,915,3.5,1476478690
525,916,4.0,1476478618
525,919,3.5,1476476746
525,920,3.5,1476480627
525,953,3.5,1476481374
525,1022,3.0,1476478228
525,1028,4.5,1476478378
525,1029,1.5,1476480470
525,1032,2.5,1476478263
525,1035,4.5,1476477806
525,1282,3.5,1476480434
525,1947,3.0,1476478078
525,2018,1.5,1476480396
525,2080,2.0,1476480308
525,2085,3.5,1476480391
525,2087,3.0,1476478216
525,2096,4.0,1476477845
525,2398,4.5,1476480415
525,2947,4.0,1476482372
525,3549,3.5,1476478395
527,912,4.0,1033173535
527,913,4.0,1033173751
527,919,5.0,1033175704
527,920,3.0,1033173833
527,969,4.0,1033175729
527,1017,4.0,1033175897
527,1028,3.0,1033173861
527,1035,5.0,1033173992
527,1250,3.0,1033173667
527,1254,4.0,1033175704
527,1269,4.0,1033173847
527,1282,3.0,1033174317
527,1287,4.0,1033173847
527,1333,5.0,1033174126
527,1931,4.0,1033173833
527,2043,3.0,1033176108
527,2057,4.0,1033174428
527,2085,3.0,1033174240
527,2099,4.0,1033175518
527,2366,3.0,1033175830
527,2565,4.0,1033173966
527,2947,4.0,1033174372
527,4327,3.0,1033174145
527,4799,3.0,1033175173
527,4801,4.0,1033173514
527,5560,1.0,1033173581
531,919,3.0,1032961819
532,2366,4.0,1025523852
534,596,4.0,1459787996
534,1282,4.5,1459787996
534,2018,4.0,1459787998
534,2080,3.5,1459787996
534,2085,4.0,1459787998
534,2947,4.0,1465036794
534,2948,4.0,1465036790
534,2949,4.0,1465036787
534,2993,3.5,1465036809
537,4954,5.0,1427586276
538,902,4.0,1307845496
538,1035,5.0,1307846823
538,3675,5.0,1307845762
538,7386,4.0,1307845777
540,2183,2.0,1179108240
540,2747,4.0,1179108136
541,594,5.0,835643759
542,594,4.0,1163386465
542,596,4.5,1163386606
542,1282,4.0,1163386662
543,1253,5.0,1230602450
545,1267,5.0,1240358404
546,1035,2.0,973588403
546,2085,2.0,973588258
546,3959,5.0,973588321
550,167296,0.5,1488728333
552,594,4.0,1111472928
552,902,3.5,1111473321
552,914,3.5,1111473297
552,923,4.5,1111473293
552,1028,3.5,1111473312
552,1203,3.5,1111473301
552,2993,3.0,1112151395
552,3435,2.5,1112151383
554,594,3.0,944900237
554,899,5.0,944900147
554,901,4.0,944900345
554,903,5.0,944898646
554,907,4.0,944900345
554,908,5.0,944901414
554,912,5.0,944901161
554,914,4.0,944900238
554,919,5.0,944901822
554,923,2.0,944901414
554,926,4.0,944901968
554,953,4.0,944902081
554,1022,5.0,944900488
554,1028,5.0,944900488
554,1032,4.0,944900489
554,1035,5.0,944900238
554,1207,5.0,944901745
554,1282,1.0,944900345
554,1947,5.0,944900238
554,2017,4.0,944900908
554,2080,5.0,944900345
554,2087,4.0,944900345
554,2096,4.0,944898646
554,2820,4.0,944901514
554,2863,4.0,944900147
555,913,5.0,978819462
555,926,4.0,978748483
555,955,5.0,978745928
555,969,3.0,978748364
555,1269,5.0,978748857
555,1287,3.0,978749306
555,1333,3.0,980125974
555,1334,3.0,978841648
555,2015,4.0,980123949
555,2018,5.0,978749054
555,2085,4.0,980123781
555,2365,3.0,978842001
555,2662,4.0,978841648
555,2948,5.0,978744519
555,2967,4.0,978749025
555,3678,5.0,978745225
555,4042,3.0,980124580
559,594,3.0,845476142
559,596,3.0,845476276
560,923,4.0,1469657403
561,596,4.0,1491091223
561,913,4.5,1491094886
561,919,3.5,1491094612
561,922,4.5,1491094791
561,923,4.0,1491094658
561,1250,5.0,1491094630
561,1282,4.0,1491095065
561,1333,3.5,1491092046
562,1219,4.0,1368892373
562,1333,4.0,1368892546
562,2648,3.5,1368892423
562,2654,4.5,1368893078
562,2664,3.0,1368892482
562,7079,4.5,1368896437
563,899,4.5,1439933049
563,912,4.0,1439932492
563,914,4.0,1439932656
563,916,4.0,1439932454
563,919,4.0,1448636460
563,1017,3.5,1441846378
563,1028,4.5,1441846393
563,1029,3.5,1441846389
563,1035,5.0,1439932577
567,903,0.5,1525289892
567,954,2.0,1525288267
567,1203,4.5,1525283592
567,1219,2.5,1525287875
567,1237,3.5,1525286520
567,1260,4.0,1525285646
567,2731,3.5,1525284802
567,2951,1.5,1525289031
567,3134,3.0,1525287625
567,3742,0.5,1525289964
567,6669,3.5,1525286207
567,7301,3.5,1525285847
567,8189,3.0,1525286677
567,8335,3.5,1525285729
567,8477,5.0,1525282230
567,25771,5.0,1525282215
567,25782,0.5,1525290050
567,26052,1.5,1525289038
567,32892,0.5,1525289661
567,51573,3.0,1525286804
567,81681,2.0,1525290415
568,1103,5.0,1243575835
568,1104,5.0,1243575815
568,2863,5.0,1243575892
570,903,2.5,1181476059
570,920,2.5,1181478283
570,923,2.5,1181478196
570,1219,3.0,1181478116
570,1262,3.0,1181476623
570,1282,3.0,1181476081
571,1219,4.0,966900180
571,1269,3.0,966900003
571,1333,4.0,966900228
571,1334,2.0,966900512
571,1340,3.0,966900275
571,1924,5.0,966901105
571,2366,3.0,966900275
571,2454,2.0,966900512
571,2553,2.0,966900315
571,2644,4.0,966900228
571,2654,3.0,966900275
572,902,4.0,945886771
572,904,5.0,946482960
572,908,5.0,945889414
572,912,5.0,945889250
572,933,5.0,945893455
572,953,5.0,945889698
572,969,5.0,945888912
572,1086,5.0,946485273
572,1204,5.0,945888912
572,1250,5.0,945889361
572,1262,5.0,945888944
572,1267,5.0,946483073
572,1287,5.0,945888944
572,1945,5.0,945889698
572,2670,5.0,945887555
572,3073,5.0,945890887
573,919,4.0,1186722604
577,908,5.0,945966653
577,912,5.0,945966109
577,919,3.0,945966744
577,920,5.0,945966158
577,923,3.0,945966617
577,952,4.0,945965795
577,969,4.0,945965658
577,1017,3.0,945965283
577,1019,4.0,945967093
577,1203,4.0,945966653
577,1250,5.0,945966109
577,1253,4.0,945966760
577,1262,5.0,945965629
577,1287,5.0,945965717
577,1334,2.0,945967115
577,1931,4.0,945965717
577,1939,5.0,945966158
577,2366,3.0,945965717
577,2430,3.0,945965717
577,2947,5.0,945967393
577,2949,4.0,945967415
577,3035,5.0,945966158
577,3062,3.0,945966456
577,3153,5.0,945965717
578,7395,4.0,1300996571
579,596,3.0,958881212
579,1022,4.0,958881146
579,1032,3.0,958881047
579,2018,3.0,958881086
579,2087,3.0,958881192
579,2096,4.0,958881192
580,680,3.0,1167860938
580,908,1.5,1167790960
580,912,0.5,1167790940
580,919,2.0,1167673498
580,926,1.0,1167790992
580,952,3.0,1167862027
580,1203,0.5,1167790938
580,1207,0.5,1167790977
580,1250,0.5,1167791001
580,1254,0.5,1167790990
580,1260,0.5,1167790943
580,1262,0.5,1167790959
580,2186,0.5,1167790965
580,2951,5.0,1167783687
580,3089,0.5,1167790997
580,3681,3.0,1167859516
580,6461,3.0,1167791120
580,6643,0.5,1167790898
580,6985,2.5,1167673721
580,7579,2.5,1167789721
580,7700,0.5,1167790968
580,7834,0.5,1167790953
580,8228,0.5,1167790945
580,8236,0.5,1167791433
580,8494,0.5,1167791240
580,25825,0.5,1167791517
580,25850,0.5,1167791547
583,594,2.0,1481474431
585,904,4.0,1307417190
587,898,4.0,953138131
587,910,4.0,953137911
587,913,3.0,953136939
587,915,4.0,953138331
587,933,4.0,953138201
587,934,4.0,953139000
587,1028,4.0,953138012
587,1256,1.0,953137693
587,1948,4.0,953138831
587,2080,4.0,953138576
587,2731,4.0,953136994
587,2874,4.0,953139233
587,3404,5.0,953137569
587,3406,3.0,953137197
587,3414,4.0,953137479
587,3435,4.0,953137328
587,3467,4.0,953137416
587,3468,3.0,953137453
587,3469,4.0,953137453
590,594,5.0,1258416935
590,596,4.0,1264910831
590,898,4.0,1258783102
590,903,4.5,1258421384
590,904,5.0,1258419557
590,908,5.0,1258418252
590,909,4.0,1258783119
590,910,5.0,1258418246
590,912,5.0,1258416487
590,913,4.5,1258421525
590,914,4.0,1258419920
590,915,3.5,1267150894
590,919,5.0,1258420814
590,920,5.0,1258416931
590,922,4.0,1266389913
590,923,4.0,1258416926
590,926,4.0,1258416492
590,928,4.0,1258783096
590,930,4.0,1258426687
590,933,4.0,1258418959
590,940,5.0,1258417339
590,942,4.0,1258426669
590,951,4.0,1264794190
590,953,5.0,1258421308
590,954,5.0,1258418954
590,955,4.0,1258418946
590,969,4.5,1258418242
590,1012,3.5,1258426933
590,1013,3.0,1258417326
590,1022,4.5,1258422411
590,1028,3.5,1258421323
590,1032,4.0,1258426923
590,1035,4.5,1258418231
590,1086,4.5,1258423180
590,1203,5.0,1258416446
590,1204,4.5,1258421500
590,1207,5.0,1258416898
590,1212,4.5,1258415372
590,1219,5.0,1258420975
590,1248,4.0,1258426702
590,1250,5.0,1258421435
590,1253,5.0,1258415385
590,1254,4.0,1258417306
590,1262,4.5,1258419899
590,1269,3.5,1297830317
590,1283,5.0,1258417293
590,1284,3.5,1258419516
590,1287,4.5,1258422460
590,1333,4.5,1258421620
590,1344,3.5,1258429542
590,1945,5.0,1258417259
590,1947,4.0,1258422552
590,1948,3.0,1266390340
590,2010,4.0,1266473216
590,2066,3.5,1266390133
590,2080,3.5,1258426872
590,2085,4.0,1258422975
590,2099,3.0,1258426941
590,2176,3.5,1267421753
590,2183,3.5,1258429128
590,2186,4.0,1258783020
590,2202,4.0,1267151163
590,2398,5.0,1258417222
590,2565,4.0,1258417201
590,2654,3.5,1267152630
590,2662,4.5,1258427492
590,2664,3.5,1267236872
590,2728,4.5,1258418791
590,2863,4.0,1258420125
590,2940,4.0,1266390190
590,2947,4.5,1258419780
590,2948,4.0,1258427596
590,2949,4.0,1258427610
590,2951,4.0,1297830387
590,2993,3.5,1258418764
590,3035,4.0,1258429398
590,3062,4.5,1258418759
590,3088,4.0,1258418748
590,3196,4.0,1258429212
590,3334,3.5,1297830289
590,3365,4.0,1258429313
590,3435,4.0,1258416498
590,3468,4.5,1258429181
590,3654,4.0,1260490826
590,3681,3.5,1297830301
590,3742,4.0,1265316399
590,3871,4.5,1258419424
590,3966,3.5,1266390152
590,4406,4.5,1258429104
590,4954,3.5,1258419334
590,5434,3.5,1267151749
590,6357,3.0,1258430066
590,6448,4.0,1258427330
590,6783,3.5,1266473634
590,6785,3.0,1267151315
590,7013,4.0,1258426677
590,7056,4.0,1266473652
590,7059,3.5,1258427010
590,7072,3.5,1264794252
590,7132,4.5,1258417464
590,7311,4.0,1258783214
590,7386,4.5,1267152394
590,7840,4.0,1258418451
590,8167,4.0,1258418446
590,8491,4.0,1264193605
590,25825,4.0,1266390184
590,31116,4.5,1258419593
592,594,3.0,837350487
593,912,5.0,1181008487
593,914,4.0,1181007078
593,1086,3.5,1181007247
593,1267,4.0,1181007072
593,26084,3.5,1181008663
594,594,4.0,1108798815
594,919,4.0,1108798681
594,920,4.5,1109037759
594,2488,0.5,1108950689
594,6967,0.5,1108950675
594,7114,0.5,1108950852
594,7116,0.5,1108950665
594,7564,0.5,1108950754
594,7883,0.5,1108950737
594,8482,0.5,1108950870
594,8521,0.5,1108950819
594,8620,0.5,1108950741
594,8778,4.0,1108951196
596,904,4.5,1535827418
596,919,4.0,1535826725
596,1028,4.0,1535826867
596,1035,4.0,1535826716
596,5963,3.5,1535832768
596,32799,3.5,1535833054
597,899,4.0,940362325
597,903,3.0,940362409
597,904,5.0,940361633
597,909,4.0,940362198
597,913,4.0,940362325
597,919,4.0,941631197
597,922,5.0,940362409
597,930,4.0,941728717
597,933,5.0,940361664
597,942,4.0,941728834
597,953,5.0,940362325
597,1086,5.0,940362491
597,1099,4.0,940362281
597,1204,5.0,941641669
597,1207,5.0,940362325
597,1212,3.0,940362409
597,1267,5.0,940362325
597,1284,4.0,941728717
597,1344,4.0,941728764
597,1938,4.0,940362491
597,1945,4.0,940362198
597,2186,5.0,941728717
597,2366,5.0,941729029
597,2947,4.0,941730164
597,2948,5.0,941729862
597,2949,5.0,941729862
597,2951,4.0,941729405
597,2993,4.0,941729825
599,594,3.5,1498501494
599,596,3.5,1498797808
599,898,3.5,1498501399
599,899,3.0,1498525221
599,904,3.0,1498521700
599,910,2.5,1498516800
599,911,3.0,1498519832
599,912,4.0,1498499327
599,913,3.5,1498501240
599,916,3.0,1519121049
599,919,3.0,1498523826
599,920,3.0,1498523846
599,922,2.5,1498517318
599,923,4.0,1498499063
599,928,4.0,1498528449
599,930,4.0,1498499295
599,931,3.0,1498522201
599,951,5.0,1498457229
599,953,3.5,1498500837
599,1022,3.5,1498797822
599,1028,2.5,1519120305
599,1032,3.5,1498501011
599,1103,3.5,1519120030
599,1104,3.0,1498526959
599,1178,5.0,1519029292
599,1204,4.0,1498499166
599,1212,3.0,1498519663
599,1219,3.0,1498526185
599,1226,3.0,1519139528
599,1237,4.0,1498498783
599,1248,3.5,1498500845
599,1253,3.5,1519125106
599,1254,3.0,1498523725
599,1282,4.0,1498498952
599,1283,5.0,1498457288
599,1333,3.0,1519073448
599,1945,4.5,1498539274
599,1947,3.0,1498523445
599,2018,3.0,1519120560
599,2019,4.0,1498498925
599,2080,2.5,1519122108
599,2087,3.5,1498797684
599,2096,2.5,1519121728
599,2099,2.5,1519358851
599,2186,4.0,1498499406
599,2208,2.5,1498531979
599,2366,3.0,1519122035
599,2398,3.5,1498539882
599,2662,3.0,1519125149
599,2726,4.0,1498498746
599,2937,2.5,1498514249
599,2947,4.0,1498499646
599,2948,3.0,1498523300
599,2949,2.5,1519121895
599,2951,4.0,1498499083
599,2993,3.0,1498523306
599,3030,5.0,1498457210
599,3196,3.0,1498521774
599,3334,4.5,1498539265
599,3365,3.0,1498519796
599,3379,4.5,1498539583
599,3435,5.0,1519029386
599,3461,2.0,1519175997
599,3468,4.5,1498762589
599,3629,3.0,1498800129
599,3654,3.0,1498522152
599,3681,3.0,1498519787
599,3871,3.5,1498501724
599,4327,3.0,1519119428
599,4359,1.5,1498505102
599,4394,1.5,1519331093
599,4920,2.5,1498516824
599,5291,4.0,1519119132
599,5333,3.0,1498521518
599,6035,2.5,1498518230
599,6662,3.0,1519139901
599,7072,3.0,1498523836
599,7748,4.5,1498762610
599,7757,2.5,1519150202
599,7840,2.5,1498518782
599,8044,3.0,1498525876
599,8451,3.0,1519136128
599,8477,4.0,1498533063
599,8491,3.0,1498522081
599,8718,3.0,1498523675
599,26142,2.0,1519259738
599,40578,3.0,1519244386
599,42559,3.0,1519183940
599,47721,3.5,1519137683
599,73854,3.0,1519184616
599,75947,2.0,1519255452
599,86864,3.0,1519122076
599,90243,3.5,1519183992
599,101074,2.0,1519292061
600,594,3.0,1237742642
600,596,2.5,1237713508
600,841,3.0,1237763059
600,899,4.5,1237707891
600,902,2.0,1237858756
600,912,2.5,1237715089
600,914,4.5,1237858111
600,915,3.5,1237716118
600,919,3.0,1237764353
600,923,4.0,1237715413
600,943,4.0,1237858152
600,953,2.0,1237713489
600,1012,2.0,1237714085
600,1022,3.0,1237857824
600,1025,3.5,1237763033
600,1028,3.0,1237713479
600,1029,3.5,1237707965
600,1032,3.0,1237709556
600,1212,4.0,1237759887
600,1219,4.0,1237858963
600,1248,3.0,1237851765
600,1251,4.0,1237708978
600,1282,2.5,1237715362
600,1333,4.0,1237707766
600,2010,4.0,1237858873
600,2015,3.5,1237709079
600,2017,4.0,1237711574
600,2018,3.0,1237857733
600,2043,3.0,1237760515
600,2080,3.0,1237859109
600,2085,3.0,1237713403
600,2087,3.0,1237857885
600,2096,3.0,1237857890
600,2136,3.5,1237858532
600,2863,3.0,1237759647
600,2936,5.0,1237857993
600,2937,4.5,1237858062
600,2946,3.5,1237760404
600,3461,2.0,1237759594
600,3964,2.5,1237709266
600,4178,2.5,1237761612
600,4419,4.0,1237709663
600,6643,2.5,1237859024
600,7395,1.5,1237859174
600,8492,3.0,1237714941
600,8507,3.5,1237858810
600,25905,3.5,1237857925
600,25923,3.5,1237761828
600,25947,5.0,1237858027
600,26084,3.5,1237857003
600,26133,2.5,1237857567
600,46664,2.5,1237742234
600,50740,4.0,1237712734
601,904,5.0,1521467803
601,908,4.5,1521467823
601,912,4.0,1521467834
601,953,4.5,1521467828
601,1203,5.0,1521398258
601,1207,4.0,1521467858
601,1262,4.5,1441639454
601,2019,4.5,1441639457
603,199,5.0,953926672
603,898,5.0,954482181
603,899,4.0,953926507
603,900,4.0,953926605
603,902,4.0,954482305
603,903,5.0,953924781
603,904,5.0,953926481
603,908,4.0,953926507
603,909,4.0,1000194311
603,910,4.0,953926507
603,912,5.0,954482153
603,913,5.0,953925308
603,914,5.0,954482383
603,915,4.0,953926581
603,916,3.0,954482210
603,919,5.0,963177308
603,920,4.0,954482255
603,923,5.0,1002403371
603,926,5.0,953926507
603,928,4.0,954482181
603,930,4.0,953925308
603,931,5.0,954482383
603,933,4.0,953926581
603,942,5.0,953925390
603,945,4.0,954482181
603,947,5.0,1000194379
603,948,4.0,953926605
603,949,4.0,953926558
603,952,4.0,963177272
603,955,5.0,953925827
603,969,5.0,953926529
603,1028,4.0,963176642
603,1086,4.0,953926605
603,1103,5.0,953926581
603,1104,5.0,953926481
603,1219,5.0,953925452
603,1237,4.0,953926558
603,1248,4.0,953925309
603,1254,5.0,963177291
603,1260,5.0,953925309
603,1267,5.0,953925309
603,1283,5.0,953926529
603,1284,4.0,953925309
603,1287,4.0,953926558
603,1333,4.0,953925483
603,1344,5.0,1002403424
603,1945,5.0,953926529
603,1946,4.0,1000194349
603,1947,5.0,954482349
603,1948,4.0,1000194434
603,2019,5.0,953926481
603,2057,4.0,963177240
603,2066,5.0,953925349
603,2203,5.0,953925349
603,2351,4.0,953926481
603,2488,5.0,953925483
603,2633,4.0,954482471
603,2726,4.0,953925349
603,2727,3.0,953925349
603,2729,4.0,1000194332
603,2731,5.0,953926507
603,2747,4.0,953925588
603,2935,5.0,954482181
603,2936,5.0,1002403400
603,2940,4.0,953925390
603,2941,4.0,954482646
603,2947,4.0,963177205
603,2948,3.0,963177205
603,2949,4.0,963176570
603,2951,4.0,963177205
603,2967,4.0,953926581
603,2993,3.0,963177205
603,3035,4.0,953926558
603,3224,5.0,953927348
603,3341,5.0,953926605
603,3344,4.0,953925513
603,3365,5.0,953926507
603,3435,5.0,953925309
603,3475,5.0,953926529
603,3516,3.0,954482383
603,3559,3.0,963176251
603,3627,3.0,963176326
603,3792,5.0,963176536
603,4419,5.0,1000194332
603,4420,3.0,1000194556
603,4426,5.0,1000194379
603,4428,4.0,1000194402
603,4432,5.0,1000194311
603,4433,5.0,1000194379
603,4799,4.0,1002403447
603,4802,1.0,1002403475
605,594,3.0,1277175753
605,596,2.5,1277175784
605,900,3.0,1277094974
605,919,2.0,1277176088
605,940,4.0,1277096068
605,943,3.0,1277175685
605,1022,3.0,1277175761
605,1025,3.0,1277175837
605,1028,4.0,1277175750
605,1032,1.0,1277096214
605,1269,3.5,1277096963
605,2087,3.0,1277175780
605,3599,4.0,1277096786
605,3742,3.0,1277097316
605,8008,3.5,1277176610
605,35347,1.0,1277096832
606,594,3.5,1184619962
606,596,3.0,1171841463
606,897,3.5,1171755917
606,898,5.0,1171375480
606,899,4.0,1171501243
606,900,4.0,1171501448
606,902,5.0,1171326167
606,903,4.0,1171326582
606,904,4.5,1171363120
606,905,5.0,1171376390
606,908,4.5,1171310442
606,909,4.0,1171362987
606,910,5.0,1171236625
606,911,4.5,1171377146
606,912,4.5,1171237188
606,914,5.0,1171228846
606,915,4.5,1171362994
606,916,4.5,1171326349
606,917,3.0,1172158411
606,920,4.0,1175637519
606,926,4.0,1235151688
606,927,4.0,1349082838
606,928,4.5,1171326548
606,930,4.5,1171310419
606,931,5.0,1171363287
606,933,5.0,1171326556
606,936,4.0,1172017595
606,937,4.0,1171325293
606,943,4.0,1173571732
606,948,3.5,1171812999
606,953,4.0,1171378155
606,961,4.0,1171409719
606,969,4.0,1171377561
606,973,4.0,1180551729
606,1028,4.0,1171501294
606,1066,4.0,1171501344
606,1086,4.5,1171363175
606,1156,3.5,1171361663
606,1204,4.0,1171376888
606,1219,4.5,1171326504
606,1250,3.5,1171376891
606,1251,3.5,1171500598
606,1269,4.5,1171234765
606,1281,4.0,1171501168
606,1282,4.5,1171311986
606,1284,3.0,1171821773
606,1333,3.5,1177274192
606,1948,3.5,1177512639
606,2010,5.0,1171375990
606,2019,4.0,1190466613
606,2176,4.0,1171326585
606,2181,4.5,1171324732
606,2183,4.5,1171326623
606,2185,4.0,1173570175
606,2187,3.5,1171363394
606,2201,4.0,1171363485
606,2203,4.0,1171363146
606,2206,4.0,1171363179
606,2207,3.0,1171363536
606,2212,4.0,1171326613
606,2351,4.0,1171361398
606,2732,4.5,1171328254
606,2947,3.5,1171755467
606,2948,4.0,1171755486
606,2951,4.0,1171311449
606,3076,4.0,1171363038
606,3089,4.5,1171311375
606,3306,4.0,1171501158
606,3307,4.5,1171501144
606,3462,4.0,1171501099
606,3629,4.5,1171501148
606,3632,4.0,1171501155
606,3640,4.0,1171501173
606,3681,4.0,1171311440
606,3808,4.0,1171311453
606,4356,5.0,1349082662
606,4357,4.5,1171327795
606,4359,4.0,1349082709
606,4395,4.0,1171361451
606,4428,2.5,1171825901
606,4796,3.0,1171813866
606,4802,4.0,1171812931
606,4921,4.0,1178490687
606,5099,3.0,1172158417
606,5304,4.0,1171500642
606,5372,3.5,1171501557
606,5434,3.5,1177539315
606,5550,3.5,1171501798
606,5975,3.5,1171377174
606,6031,3.0,1171813539
606,6182,3.0,1182353086
606,6183,3.0,1182353292
606,6237,4.0,1173570200
606,6449,3.0,1181665741
606,6516,3.5,1171755910
606,6578,3.5,1171833745
606,6669,4.0,1183765343
606,6785,3.0,1171927365
606,6970,4.0,1171377700
606,7067,4.0,1171311444
606,7082,4.0,1171813047
606,7085,3.0,1171813193
606,7092,3.5,1172017554
606,7121,4.0,1171377881
606,7131,3.0,1171813499
606,7212,4.5,1171378437
606,7215,3.5,1171821842
606,7234,4.5,1171311380
606,7344,3.5,1171729052
606,7579,5.0,1171375514
606,7584,4.0,1171377974
606,7705,4.0,1175781407
606,7756,3.0,1181434749
606,7916,3.5,1171813550
606,8154,4.0,1171311378
606,8195,4.0,1171817425
606,8487,4.0,1171813237
606,8601,4.0,1171328320
606,8685,3.5,1171730449
606,8724,4.0,1171500652
606,8748,3.5,1171361471
606,8848,4.0,1171311371
606,25805,4.5,1171328279
606,25833,4.0,1173381141
606,25841,4.0,1171377632
606,25850,4.5,1177442293
606,25946,3.5,1209233898
606,26038,4.0,1171825752
606,31309,3.5,1258367952
606,31973,3.5,1173381088
606,33237,4.0,1171825812
606,33564,4.0,1173381153
606,50354,3.0,1171323910
606,50356,3.0,1171323889
606,68872,4.0,1244573442
607,919,5.0,964744224
607,920,2.0,963078392
607,949,4.0,964744033
607,1207,4.0,963079328
607,1219,3.0,963079420
607,1282,3.0,964744490
607,2080,3.0,964744628
607,2398,5.0,964744579
607,2648,3.0,964744521
607,2747,3.0,963079617
608,594,2.5,1147211020
608,596,0.5,1117161800
608,919,2.5,1117408378
608,923,3.5,1117490720
608,953,0.5,1117161796
608,1025,3.5,1117505221
608,1219,3.0,1117503132
608,1250,3.0,1117161823
608,1282,2.0,1117415349
608,2080,3.0,1117415527
608,2454,3.0,1117415487
608,2550,3.0,1117408202
608,3461,2.0,1117503237
608,4178,3.5,1117675125
610,903,5.0,1479542931
610,904,5.0,1493850276
610,909,4.5,1494273054
610,912,3.5,1493850323
610,919,3.5,1493850305
610,923,4.0,1479542942
610,1283,3.0,1493850282
610,2951,4.5,1479544792
610,3089,3.0,1479544786
610,3468,5.0,1493850261
610,3681,5.0,1479544793
610,44597,4.0,1479545049
610,63768,3.0,1479545068
610,97285,3.5,1479545041
